CARTELERA PROVISORIA - 2025 - 2do cuatrimestre,,,,,,,,,,,,
Actividades,Turno,Clase,Día,Inicio,Fin,Pab.,Aula,RA,DOCENTE,,,
Estructura de la Materia 1,,,Jueves,9:00,12:00,0,1101,DF,Dmitruk,,26,Estructura de la Materia 1
Arq.y Org.Computadores/Organización II,,,Jueves,17:00,19:00,0,1101,,,,38,Arquitectura y Organización de Computadores/Organización del Computador II 
Análisis Real/Medida y Probabilidad ,,,Jueves,8:00,13:00,0,1102,DM,Paternostro/Singer,,36,Análisis Real/Medida y Probabilidad 
Int.a la Biología Molecular y Celular,,TC,Jueves,13:30,17:30,0,1102,FBMC,Colman,,37,Introducción a la Biología Molecular y Celular 
Int.a la Biología Molecular y Celular,,TB,Jueves,18:00,22:00,0,1102,FBMC,Colman,,37,Introducción a la Biología Molecular y Celular 
Laboratorio de Datos,,,Jueves,9:00,16:00,0,1103,DC,,,20,Laboratorio de Datos
Arq.y Org.Computadores/Organización II,,,Jueves,17:00,22:00,0,1103,DC,,,38,Arquitectura y Organización de Computadores/Organización del Computador II 
Laboratorio de Datos,,,Jueves,9:00,16:00,0,1104,DC,,,20,Laboratorio de Datos
Arq.y Org.Computadores/Organización II,,,Jueves,17:00,22:00,0,1104,DC,,,38,Arquitectura y Organización de Computadores/Organización del Computador II 
Sistemas Digitales/Organización I,,,Jueves,8:00,13:00,0,1105,DC,,,33,Organización del Computador I /Sistemas Digitales
Fund.y Aplicaciones de Blockchains,,,Jueves,14:00,17:00,0,1105,DC,,,34,Fundamentos y Aplicaciones de Blockchains
Sistemas Digitales/Organización I,,,Jueves,19:00,22:00,0,1105,DC,,,33,Organización del Computador I /Sistemas Digitales
Sistemas Digitales/Organización I,,,Jueves,8:00,13:00,0,1106,DC,,,33,Organización del Computador I /Sistemas Digitales
Sistemas Digitales/Organización I,,,Jueves,19:00,22:00,0,1106,DC,,,33,Organización del Computador I /Sistemas Digitales
Sistemas Digitales/Organización I,,,Jueves,8:00,13:00,0,1107,DC,,,33,Organización del Computador I /Sistemas Digitales
Introducción a las Bases de Datos 2025,,,Jueves,18:00,22:00,0,1107,DC,,,38,Introducción a las Bases de Datos 2025
Bioinformática Avanzada,,,Jueves,9:00,13:00,0,1108,QB,Marti,,23,Bioinformática Avanzada/Programación y Algoritmos en Bioinformática Avanzada
Circuitos Neuronales y Comportamiento ,,,Jueves,14:00,17:00,0,1108,FBMC,Berón,,38,Circuitos Neuronales y Comportamiento 
Biometría,,TN,Jueves,18:00,21:30,0,1108,EGE,Palmerio,,9,Biometría
Estructura de la Materia 1,06/11/2025,,Jueves,9:00,12:00,0,13/01/1903,,,,,
Semana de los profesorados ,13/11/2025,,Jueves,10:00,13:00,0,13/01/1903,,,,27,Semana de los profesorados 
Ecuaciones Diferenciales,20/11/2025,,Jueves,11:00,13:00,30/12/1899,13/01/1903,,,,,
Concurso NODOCENTE,27/11/2025,,Jueves,10:00,14:00,30/12/1899,13/01/1903,,,,18,Modelado Baroclínico del Océano (Salió)
Herramientas de visualización de datos,NO13/11/2025,,Jueves,14:00,18:00,30/12/1899,13/01/1903,IC,,,38,Herramientas de visualización de datos
Semana de los profesorados,13/11/2025,,Jueves,14:00,17:00,0,1109,,,,26,Semana de los profesorados
Circulación General,,,Jueves,9:00,12:00,0,1110,DCAO,Risaro,,19,Circulación General/Procesos Atmosféricos y Oceánicos de Gran Escala/Procesos Dinámicos de Gran Escala en la Atmósfera 
Estadística/Int.Est. y Ciencia de Datos,,,Jueves,19:00,21:00,0,1110,IC,Valdora,,39,Estadística/Introducción a la Estadística y Ciencia de Datos/Tópicos de Estadística
Estructura de la Materia 1,06/11/2025,,Jueves,9:00,12:00,0,15/01/1903,,,,26,Int. a la Nanofotónica
Semana de los profesorados ,13/11/2025,,Jueves,10:00,13:00,30/12/1899,15/01/1903,,,,27,Semana de los profesorados / 2/2
Aprendizaje Reforzado ,06/11/2025-13/11/2025-20/11/2025-27/11/2025,,Jueves,18:00,20:00,0,1111,DATA,,,22,Aprendizaje Reforzado 
Álgebra Lineal Computacional,,,Jueves,17:00,22:00,0,1112,,,,,
Drug discovery ,13/11/2025,,Jueves,9:00,14:00,0,1113,,Zaiat,,15,Drug discovery (Zaiat)
ROUNA,27/11/2025,,Jueves,14:00,17:00,0,1113,,,,5,ROUNA
Introducción a las Neurociencias Cognitivas del Lenguaje,04/12/2025,,Jueves,9:00,18:00,0,1113,,,,,
Carrera de Seguridad en el Ámb.Laboral,6/11/2025,,Jueves,14:00,20:00,30/12/1899,18/01/1903,,,,38,Carrera de Seguridad en el Ámbito Laboral
Semana de los profesorados ,13/11/2025,,Jueves,9:00,13:00,0,18/01/1903,,,,27,Semana de los profesorados 
Redaccion Cientifica,13/11/2025,,Jueves,13:00,17:00,30/12/1899,18/01/1903,,Crespo,,,
Curso de Láseres (Estrada),20/11/2025,,Jueves,9:00,17:00,0,1114,,,,,
ROUNA,27/11/2025,,Jueves,14:00,17:00,0,1114,,,,5,ROUNA
Genética Molecular,,,Jueves,10:00,13:00,0,1115,FBMC,Guberman/Dain,,18,Genética Molecular
Genética Molecular,,,Jueves,13:00,16:00,0,1115,FBMC,Guberman/Dain,,18,Genética Molecular
Historia de la Ciencia,,,Jueves,18:00,22:00,30/12/1899,19/01/1903,CCPEMS,Folguera,,22,Historia de la Ciencia
RIESGOS PSICOSOCIALES Y STRESS DE TRABAJO,06/11/2025,,Jueves,11:00,13:00,30/12/1899,17/04/1903,,,,41,
Semana de los profesorados ,13/11/2025,,Jueves,10:00,13:00,0,1203,,,,27,Semana de los profesorados 
Semana de los profesorados ,13/11/2025,,Jueves,14:00,17:00,0,1203,,,,27,Semana de los profesorados 
Geometría Proyectiva,,,Jueves,17:00,22:00,30/12/1899,17/04/1903,DM,Quallbrun/Aza,,20,Geometría Proyectiva/Tópicos de Geometría Proyectiva
Química Orgánica ,,TA1,Jueves,9:00,12:00,0,1204,QO,Duran Fernando,,17,Química Orgánica 
Grupo de Proteínas alternativas de Brasil,06/11/2025,,Jueves,12:00,14:00,0,1204,,,,,
Química Orgánica ,,TB1,Jueves,14:00,17:00,0,1204,QO,Duran Fernando,,17,Química Orgánica 
Fund.Biología Molecular y Fis. Cel.,,TN,Jueves,17:00,21:00,0,1204,FBMC,Nadra,,35,Fundamentos de Biología Molecular y Fisiología Celular 
Biotecnología Vegetal,,,Jueves,9:30,12:30,0,1205,FBMC,Capiati/Segretin,,21,Biotecnología Vegetal/Biotecnología Agrícola 
Biotecnología Vegetal,,,Jueves,13:00,17:00,0,1205,FBMC,Capiati/Segretin,,21,Biotecnología Vegetal/Biotecnología Agrícola 
Estadística Computacional ,,,Jueves,17:00,22:00,0,1205,DC,Laje,,26,Estadística Computacional 
Estadística 1+Estadística 2 ,,,Jueves,10:30,12:30,0,1206,IC,4to.bimestre-,,28,Estadística 1+Estadística 2 
Química Orgánica ,,TB2,Jueves,14:00,17:00,0,1206,QO,Duran Fernando,,17,Química Orgánica 
Química Orgánica ,,TC,Jueves,18:00,21:00,30/12/1899,20/04/1903,QO,Duran Fernando,,17,Química Orgánica 
Química Orgánica ,,TA2,Jueves,9:00,12:00,30/12/1899,21/04/1903,QO,Duran Fernando,,17,Química Orgánica 
Charla de Ingresantes Cs.Químicas,06/11/2025,,Jueves,13:00,17:00,30/12/1899,21/04/1903,,,,,
Semana de los profesorados ,13/11/2025,,Jueves,14:00,17:00,30/12/1899,21/04/1903,,,,27,Semana de los profesorados / 2/3
ROUNA,27/11/2025,,Jueves,14:00,17:00,0,1207,,,,5,ROUNA
Conceptos y Técnicas de Biotecnología I ,,,Jueves,17:00,20:00,0,1207,FBMC,D'alessio,,40,Conceptos y Técnicas de Biotecnología I 
Sinergias entre Verificación y Apr.Aut.,,,Jueves,9:30,12:30,0,1208,DC,Braberman,,39,Sinergias entre Verificación y Aprendizaje Automático / 2025
Análisis real-Medida y probabilidad,13/11/2025,,Jueves,13:00,17:00,0,1208,,,,,
ROUNA,27/11/2025,,Jueves,14:00,17:00,0,1208,,,,5,ROUNA
Estructura de la Materia 3,,,Jueves,17:00,20:00,0,1208,DF,Alcoba,,26,Estructura de la Materia 3
Redaccion Cientifica,13/11/2025,,Jueves,9:00,13:00,0,1209,,Crespo,,,
Reunión DCAO/Decano,20/11/2025,,Jueves,10:00,13:00,0,1209,,,,,
Fund.Biología Molecular y Fis. Cel.,,TT,Jueves,13:00,17:00,0,1209,FBMC,Nadra,,35,Fundamentos de Biología Molecular y Fisiología Celular
Física 3,,TB,Jueves,17:00,22:00,0,1209,DF,Chernomoretz/Marques,,8,Física 3
Genética ,,TM,Jueves,9:00,13:00,0,1301,EGE,Andrioli,,9,Genética 
Genética ,,TT,Jueves,13:00,17:00,0,1301,EGE,Andrioli,,9,Genética 
Genética ,,TN,Jueves,17:00,21:00,0,1301,EGE,Andrioli,,9,Genética 
Evolución ,,,Jueves,9:00,13:00,0,1302,EGE,Mahler,,10,Evolución 
Análisis Matemático de Sist.Soc. Comp.,,,Jueves,14:00,16:00,0,1302,DM,Saintier,,38,Análisis Matemático de Sistemas Sociales Complejos 
Evolución ,,,Jueves,17:00,21:00,0,1302,EGE,Carreira,,10,Evolución 
Aprendizaje Automático II 2025,,,Jueves,9:00,13:00,0,1303,DC,Brusco,,30,Aprendizaje Automático I / 2025+Introducción al Aprendizaje Automático I+Aprendizaje Automático II / 2025
IOO/IO	,13/11/2025,,Jueves,13:00,16:00,0,26/07/1903,,,,,
PLP,13/11/2025,,Jueves,13:00,16:00,0,1303,,,,,
Semana de los profesorados ,13/11/2025,,Jueves,10:00,13:00,30/12/1899,27/07/1903,,,,27,Semana de los profesorados 
Electricidad Atmosférica,,,Jueves,14:00,19:00,0,1304,DCAO,Dasso,,24,Electricidad Atmosférica/Elementos de Electromagnetismo en el Espacio y la Atmósfera
Data Mining en Economía y Finanzas ,,,Jueves,19:00,22:00,0,1304,DATA,,,35,Data Mining en Economía y Finanzas (DATA)
Historia de la Ciencia,,,Jueves,9:00,13:00,0,1305,CCPEMS,Bifano,,22,Historia de la Ciencia
Ecología de Ambientes Marinos,,,Jueves,14:00,16:00,0,28/07/1903,EGE,Capitanio,,29,Ecología de Ambientes Marinos
Complejidad Computacional,13/11/2025,,Jueves,16:00,18:00,0,28/07/1903,,,,,
Ingeniería Genética,,,Jueves,18:00,21:00,0,28/07/1903,FBMC,Colman,,19,Ingeniería Genética/Ingeniería Genética y Biología de Sistemas Moleculares
Semana de los profesorados ,13/11/2025,,Jueves,10:00,13:00,30/12/1899,29/07/1903,,,,27,Semana de los profesorados 
Semana de los profesorados ,13/11/2025,,Jueves,14:00,17:00,30/12/1899,29/07/1903,,,,27,Semana de los profesorados 
Estadística/Int.Est.y Ciencia de Datos,,,Jueves,17:00,19:00,0,29/07/1903,IC,Valdora,,38,Estadística/Introducción a la Estadística y Ciencia de Datos/Tópicos de Estadística
Semana de los profesorados ,13/11/2025,,Jueves,10:00,13:00,30/12/1899,30/07/1903,,,,27,Semana de los profesorados 
Semana de los profesorados ,13/11/2025,,Jueves,14:00,17:00,30/12/1899,30/07/1903,,,,27,Semana de los profesorados 
Workshop Mixed local and nonlocal operators,27/11/2025,,Jueves,9:00,17:00,30/12/1899,30/07/1903,,Balderrama (DM),,,
LAGOS 2025 (BONOMO),13/11/2025,,Jueves,9:00,18:00,30/12/1899,31/07/1903,,,,19,LAGOS 2025 (BONOMO)
Capacitación nodocente - Capeluto,27/11/2025,,Jueves,11:00,13:00,0,1308,,,,33,Capacitación nodocente - Capeluto
Reserva CECEN (F.A.),30/11/2025,,Jueves,15:00,18:00,0,1308,,,,,
Seguridad de la Información,,,Jueves,18:00,21:00,0,1308,DC,Baader,,27,Seguridad de la Información
Química General /Qca.Gral.eInorgánica I,,T1,Jueves,9:00,12:30,0,1309,QI,,,39,Química General e Inorgánica I/Química General 
Química General /Qca.Gral.eInorgánica I,,T3,Jueves,13:30,17:00,0,1309,QI,,,39,Química General e Inorgánica I/Química General 
Química General /Qca.Gral.eInorgánica I,,T4,Jueves,17:30,21:00,0,1309,QI,,,39,Química General e Inorgánica I/Química General 
"Geología, jornadas Extraterrestres",06/11/2025,,Jueves,9:00,17:00,0,1401,,,,34,"Geología, jornadas Extraterrestres"
Proyección Los años azules,06/11/2025,,Jueves,17:00,20:00,0,1401,,,,26,Proyección Los años azules
LAGOS 2025 ,13/11/2025,,Jueves,9:00,19:00,0,1401,,BONOMO,,11,LAGOS 2025 
RESERVA ALBERTO KORNBLIHTT,20/11/2025,,Jueves,9:00,17:00,0,1401,,,,26,RESERVA ALBERTO KORNBLIHTT
XIV Conference on Quantum Foundations,27/11/2025,,Jueves,8:30,18:00,0,1401,,BOSKY,,37,XIV Conference on Quantum Foundations BOSYK
Phonons 2025 ,04/12/2025,,Jueves,9:00,18:00,0,1401,,,,13,Phonons 2025 
Reserva Fita Borrell (DCAO),06/11/2025,,Jueves,8:00,20:00,0,1402,,,,27,Reserva Fita Borrell (DCAO)
LAGOS 2025 ,13/11/2025,,Jueves,9:00,18:00,0,1402,,BONOMO,,11,LAGOS 2025 
Acto de COLACIÓN DE GRADO ,20/11/2025,,Jueves,12:00,15:00,0,1402,,,,26,Acto de COLACIÓN DE GRADO (a confirmar)
Guiudo Palazzo y la Industria Plástica ,27/11/2025,,Jueves,8:30,18:30,0,1402,,Weinberg,,39,Guiudo Palazzo y la Industria Plástica (Weinberg)
Phonons 2025 ,04/12/2025,,Jueves,9:00,18:00,0,1402,,,,13,Phonons 2025 
Jornadas:Información del Ciclo Superior ,11/12/2025,,Jueves,12:00,20:00,0,1402,,,,40,
Introducción a la Zoología,NO 27/11/2025,,Jueves,9:00,12:00,0,1403,BBE,Genovese,,26,Introducción a la Zoología/Biodiversidad de Animales
Reserva Haroche,20/11/2025,,Jueves,12:00,17:00,0,1403,,,,15,ROUNA
ROUNA,27/11/2025,,Jueves,9:00,13:00,0,1403,,,,5,ROUNA
Sistemas Operativos,,,Jueves,17:00,22:00,0,1403,DC,Fernández Slezak,,19,Sistemas Operativos
Matemática 2,,,Jueves,9:00,14:00,1,2,DM,Giaccobbe,,12,Matemática 2
Matemática 2,,,Jueves,14:00,19:00,1,2,DM,Mansilla,,12,Matemática 2
Taller de Cálculo Avanzado,,,Jueves,9:00,14:00,1,3,DM,Sánchez Fernández,,26,Taller de Cálculo Avanzado
Sistemas Operativos,13/11/2025,,Jueves,14:00,16:00,1,3,,,,,
Arq.y Org.Computadores/Organización II,,T2,Jueves,17:00,22:00,1,3,DC,Cervetto/Furfaro,,38,Arquitectura y Organización de Computadores/Organización del Computador II
Análisis II/Matemática 3 ,13/11/2025,,Jueves,10:00,14:00,1,4,,,,,
Combinatoria ,,,Jueves,14:00,17:00,1,4,DM,Barmak,,13,Combinatoria 
Probabilidades y Estadística M,13/11/2025,,Jueves,9:00,12:00,1,5,,,,,
Probabilidades y Estadística C,13/11/2025,,Jueves,12:00,17:00,1,5,,,,,
Análisis Numérico,,,Jueves,12:00,14:00,1,6,DM,Ojea/Mendiluce,,17,Análisis Numérico/Tópicos de Análisis Numérico
Análisis I/Matemática 1,13/11/2025,,Jueves,15:00,19:00,1,6,,,,,
Análisis Avanzado,13/11/2025,,Jueves,9:00,13:00,1,7,,,,,
LYC,13/11/2025,,Jueves,13:00,15:00,1,7,,,,,
Laboratorio de Electrónica,,,Jueves,17:00,21:00,1,7,,Schmiegelow ,,26,Laboratorio de Electrónica
Mecánica Cláisca,,,Jueves,9:00,14:00,1,8,DF,Rodrigues Ferreira/Badia,,16,Mecánica Cláisca
Int. Modelado Continuo,,,Jueves,14:00,16:00,1,8,DF,Mindlin,,22,Introducción al Modelado Continuo/Ecuaciones de la Física Matemática
Física Teórica 2 ,,,Jueves,16:00,21:00,1,8,DF,Roncaglia/Paz/Ferro,,17,Física Teórica 2 
Sistemas Digitales/Organización I,,,Jueves,8:00,10:00,1,9,DC,Buemi,,33,Organización del Computador I/Sistemas Digitales
Sistemas Digitales/Organización I,,,Jueves,17:00,19:00,1,9,DC,Buemi,,33,Organización del Computador I/Sistemas Digitales
Grupos de Difeomorfismos,,,Jueves,13:00,16:00,1,E24,DM,Larotonda,,24,Grupos de Difeomorfismos/Difeomorfismos como Grupos de Lie/Frechet
Análisis Numérico,,,Jueves,9:00,12:00,1,Labo 1,DM,Ojea/Mendiluce,,17,Análisis Numérico/Tópicos de Análisis Numérico
Herramientas de visualización de datos,13/11/2025,,Jueves,14:00,18:00,1,Labo 2,IC,,,38,Herramientas de visualización de datos
Sistemas Digitales/Organización I,6/11/2025,,Jueves,8:00,13:00,1,Magna,,,,,
Algoritmos I/Int.Programación/Int.Comp.,NO06/11/2025,,Jueves,9:00,13:00,1,Magna,DC,Urtasun/Zabala/Altauz/Di Piazza/Rodríguez,,39,Algoritmos y Estructuras de Datos I/Introducción a la Programación/Introducción a la Computación
Algoritmos I/Int.Programación/Int.Comp.,NO06/11/2025,,Jueves,13:00,17:00,1,Magna,DC,Urtasun/Zabala/Altauz/Di Piazza/Rodríguez,,39,Algoritmos y Estructuras de Datos I/Introducción a la Programación/Introducción a la Computación
Algoritmos I/Int.Programación/Int.Comp.,NO06/11/2025,,Jueves,17:00,22:00,1,Magna,DC,Urtasun/Zabala/Altauz/Di Piazza/Rodríguez,,39,Algoritmos y Estructuras de Datos I/Introducción a la Programación/Introducción a la Computación
Física 3,,TA,Jueves,9:00,14:00,2,3,DF,Bertucci/Buccino,,8,Física 3
Análisis I/Matemática 1,,T1,Jueves,9:00,14:00,2,5,DM,Larotonda/Saintier/Slezak/Raffa,,23,Análisis I/Matemática 1
Análisis I/Matemática 1,,TT,Jueves,14:00,19:00,2,5,DM,Maas/Villafañe,,23,Análisis I/Matemática 1
Análisis I/Matemática 1,,T2,Jueves,9:00,14:00,2,6,DM,Larotonda/Saintier/Slezak/Raffa,,23,Análisis I/Matemática 1
Probabilidad/Probabilidades y Estadí.,,,Jueves,14:00,19:00,2,6,DM,Merzbacher/Fernández Vidal,,37,Probabilidad/Probabilidades y Estadística/Probabilidades
Análisis Avanzado,,TM,Jueves,9:00,13:00,2,12,DM,Turco/De Vita,,17,Análisis Avanzado
Análisis I/Matemática 1,,TN,Jueves,17:00,22:00,2,12,DM,Cesaratto/Honore,,23,Análisis I/Matemática 1
Didáctica General ,,,Jueves,9:00,15:00,2,15,CCPEMS,Schneider,,18,Didáctica General 
Didáctica General ,,,Jueves,16:00,22:00,2,15,CCPEMS,Ziegler,,18,Didáctica General 
Química Inorgánica 1,,T1,Jueves,9:00,13:00,2,111,QI,Di Salvo,,20,Química Inorgánica 1
Química Inorgánica 2 ,,T1,Jueves,13:00,15:00,2,111,QI,Baraldo,,21,Química Inorgánica 2 
Química Inorgánica 2 ,,T2,Jueves,18:00,20:00,2,111,QI,Baraldo,,21,Química Inorgánica 2 
Tecnología de Alimentos III,,,Jueves,14:00,18:00,2,112,QO,,,,
Tecnología de Alimentos III,20/11/2025,,Jueves,18:00,22:00,2,112,QO,,,,
Meteorología y Oceanografía Teórica,,,Jueves,8:00,13:00,2,113,DCAO,Simionato/Kahl,,35,Meteorología y Oceanografía Teórica
Neurofisiología Integrativa,,,Jueves,14:00,17:00,2,113,FBMC,Delorenzi,,27,Neurofisiología Integrativa/Neurobiología
Biología de la Conservación,,,Jueves,14:00,16:00,2,114,EGE,Bilenca,,27,Biología de la Conservación/Conservación de la Biodiversidad
Biología de la Conservación,,,Jueves,17:00,20:00,2,114,EGE,Paris,,27,Biología de la Conservación/Conservación de la Biodiversidad
Fisiología y Comportamiento de Insectos,,,Jueves,10:00,12:30,2,115,BBE,Farina,,39,Fisiología y Comportamiento de Insectos/Tópicos en Fisiología y Comportamiento de Insectos
Histología Animal,,,Jueves,14:00,16:00,2,115,BBE,Hermida,,17,Histología Animal/De los Tejidos a la Organografía Animal/Organografía Microscópica de Vertebrados/Morfología Funcional de los Tejidos Animales
Genética y Ecología Molecular,,,Jueves,17:30,20:00,2,115,EGE,Confalonieri,,29,Genética y Ecología Molecular+Genética y Ecología Molecular I
Micología Avanzada,,,Jueves,10:00,13:00,2,116,BBE,Carmaran,,18,Micología Avanzada
Invertebrados II 2023,,,Jueves,14:30,17:00,2,116,BBE,Mougaubure,,21,Invertebrados II 2023
Química Analítica,,,Jueves,18:00,21:00,2,116,QI,Antontel/Battaglini,,17,Química Analítica
Procesos Atmosféricos en Pequeña Escala,,,Jueves,8:00,13:00,2,117,DCAO,Gassmann/Burek,,39,Procesos Atmosféricos en Pequeña Escala
Modelos Numéricos,,,Jueves,14:00,19:00,2,117,DCAO,Moreira/Dinapoli,,17,Modelos Numéricos
Análisis Instrumental ,,T1,Jueves,8:30,12:30,2,203,QO,Cabrera/Etchenique,,22,Análisis Instrumental 
Análisis Instrumental ,,T2,Jueves,13:30,17:30,2,203,QO,Cabrera/Etchenique,,22,Análisis Instrumental 
Análisis Instrumental,,,Jueves,18:00,20:00,2,203,QO,Cabrera/Etchenique,,21,Análisis Instrumental
Análisis Avanzado,,TN,Jueves,17:00,21:30,2,207,DM,Di Ioro/Herrera,,17,Análisis Avanzado
Tecnología de Alimentos II ,,,Jueves,14:00,22:00,2,212,,,,27,Tecnología de Alimentos II (Carmen Campos)
Levantamiento Geológic,,,Jueves,9:00,13:00,2,Sala A,,,,22,Levantamiento Geológic
Genética y Ecología Molecular,,,Jueves,14:00,17:00,2,Sala A,EGE,Confalonieri,,29,Genética y Ecología Molecular/Genética y Ecología Molecular I
Biología de la Conservación,6/11/2025-13/11/2025,,Jueves,17:00,20:00,2,Sala A,EGE,Paris,,27,Biología de la Conservación/Conservación de la Biodiversidad
Levantamiento Geológico	,,,Jueves,9:00,16:00,2,Sala B,,,,24,Levantamiento Geológico	
Nomenclatura Zoológica,06/11/2025-13/11/2025,,Jueves,9:00,17:30,2,SEMINARIO,,,,22,Nomenclatura Zoológica
Fund.Lenguajes para Computación Cuántica,20/11/2025,,Jueves,14:00,18:00,2,SEMINARIO,,,,40,Fundamentos de Lenguajes para Computación Cuántica
Entomología,4/12/2025,,Jueves,9:00,13:00,2,SEMINARIO,,Castelo,,,
Química Inorgánica 1,,T2,Jueves,18:00,22:00,2,SEMINARIO,QI,Albores,,20,Química Inorgánica 1
Int.a la Biología Molecular y Celular,,,Jueves,9:30,12:30,2,Magna,FBMC,Colman,,37,Introducción a la Biología Molecular y Celular
Química Biológica ,,,Jueves,18:30,21:00,2,Magna,QB,Santos,,18,Química Biológica 
ROUNA,27/11/2025,,Jueves,9:00,16:00,2,Magna,,,,5,ROUNA
ACTO DE COLACIÓN DE GRADO,18/12/2025,,Jueves,12:30,16:00,2,Magna,,,,25,ACTO DE COLACIÓN DE GRADO
(CBC)-QUIMICA-(05),,DI RISIO,Jueves,7:00,10:00,2,101,CBC,,,,
(CBC)-QUIMICA-(05),,DI RISIO,Jueves,10:00,13:00,2,101,CBC,,,,
(CBC)-QUIMICA-(05),,DI RISIO,Jueves,13:00,16:00,2,101,CBC,,,,
(CBC)-QUIMICA-(05),,IDOYAGA,Jueves,17:00,20:00,2,101,CBC,,,,
(CBC)-QUIMICA-(05),,DI RISIO,Jueves,7:00,10:00,2,102,CBC,,,,
(CBC)-QUIMICA-(05),,DI RISIO,Jueves,10:00,13:00,2,102,CBC,,,,
(CBC)-QUIMICA-(05),,DI RISIO,Jueves,13:00,16:00,2,102,CBC,,,,
(CBC)-TRABAJO Y SOCIEDAD,,CAGNACCI,Jueves,7:00,9:00,2,104,CBC,,,,
(CBC)-INT. AL PENSAMIENTO CIENTIFICO (40),,PARUELO,Jueves,7:00,9:00,2,107,CBC,,,,
(CBC)-INT. AL PENSAMIENTO CIENTIFICO (40),,ARROCHE,Jueves,9:00,11:00,2,107,CBC,,,,
(CBC)-INT. AL PENSAMIENTO CIENTIFICO (40),,ARROCHE,Jueves,11:00,13:00,2,107,CBC,,,,
(CBC)-INT. AL PENSAMIENTO CIENTIFICO (40),,MIGUEL,Jueves,17:00,19:00,2,107,CBC,,,,
(CBC)-INT. AL PENSAMIENTO CIENTIFICO (40),,MIGUEL,Jueves,19:00,21:00,2,107,CBC,,,,
(CBC)-INT. AL PENSAMIENTO CIENTIFICO (40),,MIGUEL,Jueves,21:00,23:00,2,107,CBC,,,,
(CBC)-INT. AL PENSAMIENTO CIENTIFICO (40),,ARROCHE,Jueves,7:00,9:00,2,108,CBC,,,,
(CBC)-INT. AL PENSAMIENTO CIENTIFICO (40),,PARUELO,Jueves,9:00,11:00,2,108,CBC,,,,
(CBC)-INT. AL PENSAMIENTO CIENTIFICO (40),,ARROCHE,Jueves,11:00,13:00,2,108,CBC,,,,
(CBC)-INT. AL PENSAMIENTO CIENTIFICO (40),,MIGUEL,Jueves,13:00,15:00,2,108,CBC,,,,
(CBC)-INT. AL PENSAMIENTO CIENTIFICO (40),,MIGUEL,Jueves,15:00,17:00,2,108,CBC,,,,
(CBC)-INT. AL PENSAMIENTO CIENTIFICO (40),,ARROCHE,Jueves,7:00,9:00,2,109,CBC,,,,
(CBC)-INT. AL PENSAMIENTO CIENTIFICO (40),,PARUELO,Jueves,9:00,11:00,2,109,CBC,,,,
(CBC)-PRINCIPIOS DE DDHH Y DERECHO CONSTITUCIONAL,,HALPERIN,Jueves,15:00,17:00,2,109,CBC,,,,
(CBC)-ANALISIS MATEMATICO A (66),,UNICA,Jueves,7:00,10:00,2,110,CBC,,,,
(CBC)-INT. AL PENSAMIENTO CIENTIFICO (40),,PARUELO,Jueves,13:00,15:00,2,110,CBC,,,,
(CBC)-INT. AL PENSAMIENTO CIENTIFICO (40),,MIGUEL,Jueves,15:00,17:00,2,110,CBC,,,,
(CBC)-INT. AL PENSAMIENTO CIENTIFICO (40),,PARUELO,Jueves,17:00,19:00,2,110,CBC,,,,
(CBC)-ANALISIS MATEMATICO A (66),,UNICA,Jueves,7:00,10:00,2,111,CBC,,,,
(CBC)-ANALISIS MATEMATICO A (66),,UNICA,Jueves,10:00,13:00,2,111,CBC,,,,
(CBC)-QUIMICA-(05),,DI RISIO,Jueves,13:00,16:00,2,111,CBC,,,,
(CBC)-QUIMICA-(05),,DI RISIO,Jueves,17:00,20:00,2,111,CBC,,,,
(CBC)-QUIMICA-(05),,IDOYAGA,Jueves,7:00,10:00,2,113,CBC,,,,
(CBC)-QUIMICA-(05),,DI RISIO,Jueves,10:00,13:00,2,113,CBC,,,,
(CBC)-BIOLOGIA-(08),,VALERANI,Jueves,13:00,16:00,2,113,CBC,,,,
(CBC)-BIOLOGIA-(08),,VALERANI,Jueves,17:00,20:00,2,113,CBC,,,,
(CBC)-QUIMICA-(05),,DI RISIO,Jueves,20:00,23:00,2,113,CBC,,,,
(CBC)-BIOLOGIA-(08),,VALERANI,Jueves,10:00,13:00,2,205,CBC,,,,
(CBC)-MATEMATICA (51),,ROSSOMANDO,Jueves,14:00,17:00,2,205,CBC,,,,
(CBC)-BIOLOGIA E INTROD. A LA BIOLOGIA CELULAR B,,SKERL,Jueves,7:00,10:00,2,206,CBC,,,,
(CBC)-BIOLOGIA E INTROD. A LA BIOLOGIA CELULAR B,,VALERANI,Jueves,10:00,13:00,2,206,CBC,,,,
(CBC)-ANALISIS MATEMATICO A (66),,UNICA,Jueves,14:00,17:00,2,206,CBC,,,,
(CBC)-BIOLOGIA E INTROD. A LA BIOLOGIA CELULAR B,,VALERANI,Jueves,17:00,20:00,2,206,CBC,,,,
(CBC)-BIOLOGIA E INTROD. A LA BIOLOGIA CELULAR B,,VALERANI,Jueves,20:00,23:00,2,206,CBC,,,,
(CBC)-INT. AL PENSAMIENTO CIENTIFICO (40),,PARUELO,Jueves,7:00,9:00,2,208,CBC,,,,
(CBC)-INT. AL PENSAMIENTO CIENTIFICO (40),,ARROCHE,Jueves,9:00,11:00,2,208,CBC,,,,
(CBC)-INT. AL PENSAMIENTO CIENTIFICO (40),,PARUELO,Jueves,11:00,13:00,2,208,CBC,,,,
(CBC)-INT. AL PENSAMIENTO CIENTIFICO (40),,ARROCHE,Jueves,13:00,15:00,2,208,CBC,,,,
(CBC)-INT. AL PENSAMIENTO CIENTIFICO (40),,MIGUEL,Jueves,15:00,17:00,2,208,CBC,,,,
(CBC)-INT. AL PENSAMIENTO CIENTIFICO (40),,MIGUEL,Jueves,17:00,19:00,2,208,CBC,,,,
(CBC)-BIOLOGIA E INTROD. A LA BIOLOGIA CELULAR B,,VALERANI,Jueves,10:00,13:00,2,210,CBC,,,,
(CBC)-PSICOLOGIA,,STASIEJKO,Jueves,13:00,15:00,2,210,CBC,,,,
(CBC)-PSICOLOGIA,,STASIEJKO,Jueves,15:00,17:00,2,210,CBC,,,,
(CBC)-PSICOLOGIA,,STASIEJKO,Jueves,17:00,19:00,2,210,CBC,,,,
(CBC)-PSICOLOGIA,,STASIEJKO,Jueves,19:00,21:00,2,210,CBC,,,,
(CBC)-PSICOLOGIA,,STASIEJKO,Jueves,21:00,23:00,2,210,CBC,,,,
(CBC)-SOCIOLOGIA,,DELICH,Jueves,7:00,9:00,2,211,CBC,,,,
(CBC)-SOCIOLOGIA,,DELICH,Jueves,9:00,11:00,2,211,CBC,,,,
(CBC)-SOCIOLOGIA,,GAMALLO,Jueves,11:00,13:00,2,211,CBC,,,,
(CBC)-SOCIOLOGIA,,GAMALLO,Jueves,13:00,15:00,2,211,CBC,,,,
(CBC)-SOCIOLOGIA,,GAMALLO,Jueves,15:00,17:00,2,211,CBC,,,,
(CBC)-INT. AL PENSAMIENTO CIENTIFICO (40),,MIGUEL,Jueves,19:00,21:00,2,211,CBC,,,,
(CBC)-INT. AL PENSAMIENTO CIENTIFICO (40),,MIGUEL,Jueves,21:00,23:00,2,211,CBC,,,,
(CBC)-BIOLOGIA E INTROD. A LA BIOLOGIA CELULAR B,,VALERANI,Jueves,7:00,10:00,2,213,CBC,,,,
(CBC)-BIOLOGIA E INTROD. A LA BIOLOGIA CELULAR B,,SKERL,Jueves,10:00,13:00,2,213,CBC,,,,
(CBC)-ANALISIS MATEMATICO A (66),,UNICA,Jueves,14:00,17:00,2,213,CBC,,,,
(CBC)-ANALISIS MATEMATICO A (66),,UNICA,Jueves,17:00,20:00,2,213,CBC,,,,
(CBC)-ANALISIS MATEMATICO A (66),,UNICA,Jueves,20:00,23:00,2,213,CBC,,,,
(CBC)-BIOLOGIA E INTROD. A LA BIOLOGIA CELULAR B,,VALERANI,Jueves,7:00,10:00,2,214,CBC,,,,
(CBC)-BIOLOGIA E INTROD. A LA BIOLOGIA CELULAR B,,VALERANI,Jueves,10:00,13:00,2,214,CBC,,,,
(CBC)-BIOLOGIA E INTROD. A LA BIOLOGIA CELULAR B,,SKERL,Jueves,13:00,16:00,2,214,CBC,,,,