CARTELERA PROVISORIA - 2025 - 2do cuatrimestre,,,,,,,,,,,,
Actividades,Turno,Clase,Día,Inicio,Fin,Pab.,Aula,RA,DOCENTE,,,
Paradigmas de Programación,,,Martes,9:00,14:00,0,1101,DC,Barembaum,,26,Paradigmas de Programación
Toxicología y Química Legal,,,Martes,16:30,18:30,0,1101,QB,,,27,Toxicología y Química Legal
Tesis Seniuk Rocio,4/12/2025,,Martes,11:00,13:30,0,1102,,,,,
Control Biológico (Carla Cécere),11/11/2025,,Martes,9:00,13:00,0,1102,,,,32,Control Biológico (Carla Cécere)
Int.a la Biología Molecular y Celular,,TA,Martes,13:30,17:30,0,1102,FBMC,Colman,,37,Int.a la Biología Molecular para Paleontólogos/Introducción a la Biología Molecular y Celular d26/8/21/11
Introducción a las Bases de Datos 2025,,,Martes,18:00,22:00,0,1102,DC,D'arrigo,,38,Introducción a las Bases de Datos 2025
Álgebra Lineal Computacional/MN,,,Martes,11:00,14:00,0,1103,DC,Acevedo,,31,Álgebra Lineal Computacional/Métodos Numéricos 
Álgebra Lineal Computacional/MN,,,Martes,19:00,22:00,0,1103,DC,Acevedo,,31,Álgebra Lineal Computacional/Métodos Numéricos 
Álgebra Lineal Computacional/MN,,,Martes,11:00,14:00,0,1104,DC,Acevedo,,31,Álgebra Lineal Computacional/Métodos Numéricos 
Álgebra Lineal Computacional/MN,,,Martes,19:00,22:00,0,1104,DC,Acevedo,,31,Álgebra Lineal Computacional/Métodos Numéricos 
Álgebra Lineal Computacional/MN,,,Martes,11:00,14:00,0,1105,DC,Acevedo,,31,Álgebra Lineal Computacional/Métodos Numéricos 
Ingeniería de Software,,,Martes,19:00,22:00,0,1105,DC,Wilkinson,,22,Ingeniería de Software)/Ingeniería de Software I 
Estadística Computacional ,,,Martes,17:00,22:00,0,1106,DC,Laje,,26,Estadística Computacional 
Estadística 1/Estadística 2,NO04/11/2025,,Martes,9:30,12:30,0,1107,IC,,,27,Estadística 1/Estadística 2
Ingeniería de Software,,,Martes,19:00,22:00,0,1107,DC,Wilkinson,,22,Ingeniería de Software)/Ingeniería de Software I 
Laboratorio de Procesamiento de Inf.Met.,,,Martes,8:00,13:00,0,1108,DCAO,Osman/Balmaceda,,40,Laboratorio de Procesamiento de Información Meteorológica/Laboratorio de Procesamiento de Información Oceanográfica
Herramientas de visualización de datos,NO11/11/2025,,Martes,14:00,18:00,0,1108,IC,,,38,Herramientas de visualización de datos
Control Biológico ,11/11/2025,,Martes,13:00,17:00,0,1108,,Cécere,,18,Control Biológico (Carla Cécere)
Biometría ,,TN,Martes,18:00,21:30,0,1108,EGE,Palmerio,hasta 20/11/2025,10,Biometría 
Club de Datos,11/11/2025,,Martes,15:00,17:00,0,1109,,,,13,Club de Datos
Biometría ,25/11/2025,,Martes,13:00,17:00,0,1109,,,,,
Álgebra Lineal Computacional/MN,,,Martes,19:00,22:00,0,1109,DC,Acevedo,,31,Álgebra Lineal Computacional/Métodos Numéricos 
Reserva Comisión Interna,4/11/2025-11/11/2025-18/11/2025-25/11/2025,,Martes,11:00,14:00,0,1110,CARRO,,,24,Reserva Comisión Interna
Semana de la Ciencia,11/11/2025,,Martes,14:00,16:00,0,1110,,,,,
Club de Datos,18/11/2025-02/12/2025,,Martes,15:00,17:00,0,1110,,,,13,Club de Datos
Ingeniería de Software,,,Martes,19:00,22:00,0,1110,DC,Wilkinson,,22,Ingeniería de Software/Ingeniería de Software I 
Drug discovery ,11/11/2025,,Martes,13:00,19:00,0,1111,,Zaiat,,15,Drug discovery (Zaiat)
Biometría ,25/11/2025,,Martes,13:00,17:00,0,1111,,,,,
Fisiología Animal Comparada,2/12/2025,,Martes,13:00,17:00,0,1111,DBBE,,,27,Fisiología Animal Comparada
Ingeniería de Software,,,Martes,19:00,22:00,0,1111,DC,Wilkinson,,22,Ingeniería de Software/Ingeniería de Software I 
Biometría ,25/11/2025,,Martes,13:00,17:00,0,1112,,,,,
Int.a la Inv.Operativa y Optimización,,,Martes,19:00,22:00,0,1112,IC,Durán/Faillace,,37,Introducción a la Investigación Operativa y Optimización/Tópicos en Investigación Operativa
Fisiología Animal Comparada,,,Martes,9:30,13:00,0,1113,DBBE,,,27,Fisiología Animal Comparada
Fisiología Animal Comparada,,,Martes,13:00,16:30,0,1113,DBBE,,,27,Fisiología Animal Comparada
Fisiología Animal Comparada,,,Martes,18:00,21:30,0,1113,DBBE,,,27,Fisiología Animal Comparada
Reserva Posgrado QB,09/12/2025,,Martes,9:00,17:00,0,1113,,,,,
Drug discovery ,11/11/2025,,Martes,9:00,13:00,0,1114,,Zaiat,,15,Drug discovery (Zaiat)
Base de Datos,11/11/2025,,Martes,18:00,21:00,0,1114,,,,,
Curso de Láseres (Estrada),18/11/2025,,Martes,9:00,17:00,0,1114,,,,,
Workshop Mixed local and nonlocal operators,25/11/2025,,Martes,9:00,17:00,0,1114,,Balderrama (DM),,,
Química General/Qca.Gral.e Inorgánica I,25/11/2025,,Martes,17:30,21:30,0,1114,,,,,
Introducción a las Neurociencias Cognitivas del Lenguaje,02/12/2025,,Martes,9:00,18:00,0,1114,,,,,
Genética Molecular,NO18/11/2025,,Martes,10:00,13:00,0,1115,FBMC,Guberman/Dain,,18,Genética Molecular
Genética Molecular,NO18/11/2025,,Martes,13:00,16:00,0,1115,FBMC,Guberman/Dain,,18,Genética Molecular
"Seminario Computación,Ciencia y Soc.Arg.",,,Martes,17:00,20:00,0,1115,DC,Schapachnik,,40,"Seminario sobre Tecnología y Sociedad/Seminario sobre Computación, Ciencia y Sociedad en Argentina"
Álgebra III/Tópicos de Álgebra III ,,,Martes,9:00,14:00,0,1203,DM,Solotar/de Amorín,,35,Álgebra III/Tópicos de Álgebra III 
Geometría Proyectiva,,,Martes,17:00,22:00,0,1203,DM,Quallbrun/Aza,,20,Geometría Proyectiva/Tópicos de Geometría Proyectiva
Álgebra I,,T3,Martes,9:00,14:00,0,1204,DM,Sirolli,,9,Álgebra I
Seminario de Análisis Armónico y Func.,11/11/2025,,Martes,14:00,17:00,0,1204,,,,38,
Minería de Datos Educativos,,,Martes,17:00,20:00,0,1204,DC,Risk,,27,Minería de Datos Educativos
Biotecnología Vegetal,,,Martes,9:30,12:30,0,1205,FBMC,Capiati/Segretin,,21,Biotecnología Vegetal/Biotecnología Agrícola
Biotecnología Vegetal,,,Martes,13:00,17:00,0,1205,FBMC,Capiati/Segretin,,21,Biotecnología Vegetal/Biotecnología Agrícola
Estadística 1/Estadística 2,,,Martes,9:30,12:30,0,1206,IC,,,27,Estadística 1/Estadística 2
Fund.y Aplicaciones de Blockchains,,,Martes,15:00,17:00,0,1206,DC,Mocskos,,34,Fundamentos y Aplicaciones de Blockchains/Blockchains: Aspectos Teóricos y Prácticos
Física 2,,TB,Martes,17:00,22:00,0,1206,DF,Skigin/Etchemendy,,8,Física 2
Estructura de la Materia 4,,,Martes,9:00,12:00,0,1207,DF,Sassot,,26,Estructura de la Materia 4
Charla de Ingresantes CyT Alimentos,11/11/2025,,Martes,13:00,17:00,0,1207,,,,35,
Conceptos y Técnicas de Biotecnología I,,,Martes,17:00,20:00,0,1207,FBMC,D'alessio,,39,Conceptos y Técnicas de Biotecnología I
Álgebra II/Tópicos de Álgebra II,,,Martes,9:00,14:00,0,1208,DM,Cortiñas/Rufolo,,32,Álgebra II/Tópicos de Álgebra II
Circuitos Neuronales y Comportamiento,,,Martes,14:00,17:00,0,1208,FBMC,Berón,,37,Circuitos Neuronales y Comportamiento
Cálculo Avanzado,,,Martes,17:00,22:00,0,1208,DM,Suarez Alvarez/Frungillo,,16,Cálculo Avanzado
"Producir,Comunicar y Evaluar Textos",,,Martes,10:00,14:00,0,1209,CCPEMS,Aduriz/Williman,,35,"Producir, Comunicar y Evaluar Textos Científicos: Teoría y Práctica de la Escritura de Papers"
Microbiología de Alimentos,,,Martes,14:00,16:00,0,1209,,,,26,Microbiología de Alimentos
Probabilidades y Estadística,,,Martes,17:00,22:00,0,1209,DM,Groisman/Figueroa,,28,Probabilidades y Estadística
Genética ,,TM,Martes,9:00,13:00,0,1301,EGE,Andrioli,,9,Genética 
Genética ,,TT,Martes,13:00,17:00,0,1301,EGE,Andrioli,,9,Genética 
Genética ,,TN,Martes,17:00,21:00,0,1301,EGE,Andrioli,,9,Genética 
Evolución,,,Martes,9:00,13:00,0,1302,EGE,Mahler,,9,Evolución
Semana de la Ciencia,11/11/2025,,Martes,14:00,16:00,0,1302,,,,,
Tesis Karen Churba,25/11/2025,,Martes,14:00,16:00,0,1302,,,,,
Evolución,,,Martes,17:00,21:00,0,1302,EGE,Carreira,,9,Evolución
Aprendizaje Automático II / 2025,,,Martes,9:00,13:00,0,1303,DC,Brusco,,32,Aprendizaje Automático I / 2025/Introducción al Aprendizaje Automático I/Aprendizaje Automático II / 2025
Reserva Groisman a partir de octubre,,,Martes,13:00,17:00,0,1303,,,,36,Reserva Groisman a partir de octubre
Análisis Topológico de Datos,,,Martes,9:00,13:00,0,1304,DC,Cerdeiro,,28,Análisis Topológico de Datos/Tópicos de Análisis Topológicos de Datos
Int.a la Biología Molecular y Celular,18/11/2025,,Martes,13:30,17:30,0,1304,FBMC,Colman,,37,Int.a la Biología Molecular para Paleontólogos/Introducción a la Biología Molecular y Celular d26/8/21/11
Teoría de las Comunicaciones,,,Martes,19:00,22:00,0,1304,DC,Righetti,,28,Teoría de las Comunicaciones
Portugués II,,,Martes,10:00,13:00,0,1305,SA,Melián,,12,Portugués II
Ecología de Ambientes Marinos,,,Martes,14:00,16:00,0,1305,EGE,Capitanio,,29,Ecología de Ambientes Marinos
Semana de la Ciencia,11/11/2025,,Martes,10:00,13:00,0,1306,,,,,
Fund.de Lenguajes para Computación,18/11/2025-25/11/2025,,Martes,14:00,18:00,0,1306,,,,34,Fundamentos de Lenguajes para Computación Cuántica
Taller de Autodefensa Digital,11/11/2025,,Martes,18:00,22:00,0,1306,,,,,
Semana de la Ciencia,11/11/2025,,Martes,10:00,12:00,0,1307,,,,,
Temas de Nanofísica,,,Martes,17:00,20:00,0,1307,DF,Llois,,19,Temas de Nanofísica
LAGOS 2025 (BONOMO),11/11/2025,,Martes,9:00,13:00,0,1308,,,,19,LAGOS 2025 (BONOMO)
Reserva Sandra Guerrero Tesis,2/12/2025,,Martes,9:00,13:00,0,1308,,Guerrero Sandra,LOGICTECH GROUP,29,
Topología aplicada y análisis topológico,,,Martes,15:00,18:00,0,1308,DM,Minian,,40,Topología aplicada y análisis topológico de datos/La Topología de los Datos
Ingeniería Genética,,,Martes,18:00,21:00,0,1308,FBMC,Colman,,19,Ingeniería Genética/Ingeniería Genética y Biología de Sistemas Moleculares
Química General/Qca.Gral.e Inorgánica I,,T1,Martes,9:00,12:30,0,1309,QI,,,39,Química General e Inorgánica I/Química General
Química General/Qca.Gral.e Inorgánica I,,T3,Martes,13:30,17:00,0,1309,QI,,,39,Química General e Inorgánica I/Química General
Química General/Qca.Gral.e Inorgánica I,,T4,Martes,17:30,21:00,0,1309,QI,,,39,Química General e Inorgánica I/Química General
LAGOS 2025 ,11/11/2025,,Martes,9:00,18:00,0,1401,,Bonomo,,11,LAGOS 2025 (BONOMO)
Algoritmos II/Algoritmos y Est.de Datos,18/11/2025,,Martes,9:00,14:00,0,1401,,,,,
Reserva Pickholz/Saragueta,25/11/2025,,Martes,9:00,19:00,0,1401,,,,26,Reserva Pickholz/Saragueta
Phonons 2025 ,2/12/2025,,Martes,9:00,13:00,0,1401,,Bragas,,13,Phonons 2025 (Bragas) 
LAGOS 2025 ,11/11/2025,,Martes,10:00,13:00,0,1402,,Bonomo,,11,LAGOS 2025 (BONOMO)
LAGOS 2025 ,11/11/2025,,Martes,16:00,18:00,0,1402,,Bonomo,,11,LAGOS 2025 (BONOMO)
IBMC,18/11/2025,,Martes,9:00,12:00,0,1402,,,,,
Reserva WEINBERG-CYT-DURAN,25/11/2025,,Martes,9:00,17:00,0,1402,,,,26,Reserva WEINBERG-CYT-DURAN
Phonons 2025 (Bragas) ,2/12/2025,,Martes,9:00,13:00,0,1402,,,,22,Phonons 2025 (Bragas) 
Introducción a la Zoología,,,Martes,9:00,12:00,0,1403,BBE,Genovese,,26,Introducción a la Zoología/Biodiversidad de Animales 
Probabilidad/Probabilidades y Estad.,,,Martes,14:00,19:00,0,1403,DM,Merzbacher/Fernández Vidal,,36,Probabilidad/Probabilidades y Estadística
MATEMAX 2025  ,16/12/2025,,Martes,9:00,18:00,0,1403,,Krick,,14,MATEMAX 2025  (KRICK)
Física 2,,TA,Martes,9:00,14:00,1,2,DF,Arbo/Frank,,8,Física 2
Álgebra I ,,T4,Martes,14:00,19:00,1,2,DM,Sirolli/Menconi,,10,Álgebra I 
Estructura de la Materia 1 ,,,Martes,9:00,12:00,1,3,DF,Dmitruk,,27,Estructura de la Materia 1 
Int.Inv.Operativa y Optimización,,,Martes,17:00,21:00,1,3,IC,Durán/Faillace,,32,Introducción a la Investigación Operativa y Optimización/Tópicos en Investigación Operativa
Álgebra I ,,T2,Martes,9:00,14:00,1,4,DM,Massri,,10,Álgebra I 
Física 1 ,,TC,Martes,17:00,22:00,1,4,DF,Capuzzi/Alonso,,9,Física 1 
Mecánica y Termodinámica ,,,Martes,9:00,13:00,1,5,DF,Ventura/Arcodia,,25,Mecánica y Termodinámica 
Procesamiento de Lenguaje Natural,,,Martes,17:00,21:00,1,5,DC,Del Corro,,33,Procesamiento de Lenguaje Natural/Procesamiento de Lenguaje Natural: Embeddings y Modelos Generativos
Análisis Numérico,,,Martes,12:00,14:00,1,6,DM,Ojea/Mendiluce,,17,Análisis Numérico/Tópicos de Análisis Numérico
Organización del Computador I,11/11/2025,,Martes,17:00,21:00,1,6,,,,,
Álgebras de Hopf: Anillo de Cohomología,,,Martes,11:30,13:00,1,7,DM,Solotar,,39,Álgebras de Hopf: Anillo de Cohomología
Homologia Persistente,,,Martes,15:00,18:00,1,7,DM,Fernández Ximena,,21,Homologia Persistente
Álgebra Lineal Computacional/MN,,TM,Martes,9:00,12:00,1,8,DC,Acevedo,,31,Álgebra Lineal Computacional/Métodos Numéricos
Física Teórica 2,,,Martes,16:00,21:00,1,8,DF,Roncaglia/Paz/Ferro,,16,Física Teórica 2
Matemática 4/Análisis Matemático III,,,Martes,9:00,14:00,1,9,DM,Lederman,,36,Matemática 4/Análisis Matemático III
Álgebra Lineal Computacional/MN,,,Martes,17:00,20:00,1,9,DC,Acevedo,,31,Álgebra Lineal Computacional/Métodos Numéricos
Teoría de Números,,,Martes,14:00,19:00,1,E24,DM,Walsh,,17,Teoría de Números/Tópicos de Teoría de Números
Análisis Numérico,,,Martes,9:00,12:00,1,Labo 1,DM,Ojea/Mendiluce,,17,Análisis Numérico/Tópicos de Análisis Numérico
Herramientas de visualización de datos,11/11/2025,,Martes,14:00,18:00,1,Labo 2,IC,,,38,Herramientas de visualización de datos
Semana de la Biotecnología,18/11/2025,,Martes,9:00,13:00,1,Magna,,,,26,
Algoritmos II/Algoritmos y Est.de Datos,NO18/11/2025,TM,Martes,9:00,14:00,1,Magna,DC,Feuerstein/Tcach/Uchitel,,39,Algoritmos y Estructuras de Datos/Algoritmos y Estructuras de Datos II
Algoritmos II/Algoritmos y Est.de Datos,,TN,Martes,17:00,22:00,1,Magna,DC,Feuerstein/Tcach/Uchitel,,39,Algoritmos y Estructuras de Datos/Algoritmos y Estructuras de Datos II
Análisis Avanzado,,TM,Martes,9:00,13:00,2,5,DM,Turco/De Vita,,17,Análisis Avanzado
Fund.Biología Molecular y Fis. Cel.,,TT,Martes,13:00,17:00,2,5,FBMC,Nadra,,35,Fundamentos de Biología Molecular y Fisiología Celular
Álgebra I,,T5,Martes,17:00,22:00,2,5,DM,Rodriguez/Freyre,,9,Álgebra I
Álgebra I,,T1,Martes,9:00,14:00,2,6,DM,Pérez Millán,,9,Álgebra I
Paradigmas de Programación,,,Martes,17:00,22:00,2,6,DC,Cossio,,26,Paradigmas de Programación
Física 1,,TB,Martes,9:00,14:00,2,12,DF,Amette/Andres,hasta 01/12/2025,8,Física 1
Ingeniería de Software,,,Martes,17:00,19:00,2,12,DC,Wilkinson,,22,Ingeniería de Software/Ingeniería de Software I
Análisis Avanzado,,,Martes,13:00,14:00,2,15,DM,Turco/De Vita,,17,Análisis Avanzado
Didáctica Esp.y Prác.Enseñanza II,,,Martes,14:00,18:00,2,15,CCPEMS,González Galli/Pérez,,33,Didáctica Especial y Práctica de la Enseñanza II
Fitopatología,,,Martes,11:00,13:00,2,111,BBE,Novas,,13,Fitopatología/Actualizaciones en Fitopatología
Sistemática Teórica/Análisis Cladístico,,,Martes,14:00,16:00,2,111,EGE,Ramirez,,39,Sistemática Teórica/Análisis Cladístico
CBC (Dilella),,,Martes,16:00,18:00,2,111,,,,13,CBC (Dilella)
Neurofisiología Integrativa,18/11/2025,,Martes,11:00,14:00,2,112,FBMC,Delorenzi,,27,Neurofisiología Integrativa/Neurobiología
Circulación General,,,Martes,14:00,18:00,2,112,DCAO,Menéndez,,19,Circulación General/Procesos Atmosféricos y Oceánicos de Gran Escala/Procesos Dinámicos de Gran Escala en la Atmósfera
Meteorología y Oceanografía Teórica ,,,Martes,8:00,13:00,2,113,DCAO,Simionato/Kahl,,36,Meteorología y Oceanografía Teórica 
Neurofisiología Integrativa,,,Martes,14:00,17:00,2,113,FBMC,Delorenzi,,27,Neurofisiología Integrativa/Neurobiología
Neurofisiología Integrativa,11/11/2025-25/11/2025,,Martes,17:00,21:00,2,113,FBMC,Delorenzi,,27,Neurofisiología Integrativa/Neurobiología
Biología de la Conservación,,,Martes,14:00,16:00,2,114,EGE,Bilenca,,27,Biología de la Conservación/Conservación de la Biodiversidad
Biología de la Conservación,,,Martes,17:00,20:00,2,114,EGE,Paris,,27,Biología de la Conservación/Conservación de la Biodiversidad
Fisiología y Comportamiento de Insectos,,,Martes,10:00,12:30,2,115,BBE,Farina,,39,Fisiología y Comportamiento de Insectos/Tópicos en Fisiología y Comportamiento de Insectos
Fisiología Fúngica,,,Martes,14:00,16:30,2,115,BBE,Iannone,,18,Fisiología Fúngica/Fisiología y Biotecnología Fúngica
Bromatología,,,Martes,17:30,21:30,2,111,QO,Amiano/Schebor,,12,Bromatología
Invertebrados II 2023 ,,,Martes,14:30,17:00,2,116,BBE,Mougaubure,,22,Invertebrados II 2023 
Química Analítica ,,,Martes,18:00,21:00,2,116,QI,Antontel/Battaglini,,18,Química Analítica 
Procesos Atmosféricos en Pequeña Escala ,,,Martes,8:00,13:00,2,117,DCAO,Gassmann/Burek,,40,Procesos Atmosféricos en Pequeña Escala 
Modelos Numéricos ,,,Martes,14:00,19:00,2,117,DCAO,Moreira/Dinapoli,,18,Modelos Numéricos 
Análisis Instrumental ,,T1,Martes,8:30,12:30,2,203,QO,Cabrera/Etchenique,hasta 28/11/2025,22,Análisis Instrumental 
Análisis Instrumental ,,,Martes,13:30,17:30,2,203,QO,Cabrera/Etchenique,hasta 28/11/2025,22,Análisis Instrumental 
Análisis Instrumental ,,,Martes,18:00,20:00,2,203,QO,Cabrera/Etchenique,hasta 28/11/2025,22,Análisis Instrumental 
Álgebra Lineal ,,,Martes,9:00,14:00,2,207,DM,Solerno/Busolini,,15,Álgebra Lineal 
Análisis Avanzado ,,TN,Martes,17:00,21:30,2,207,DM,Di Ioro/Herrera,,18,Análisis Avanzado 
Carrera de Seguridad en el Ámb. Laboral,4/11/2025,,Martes,14:00,20:00,2,212,,,,39,Carrera de Seguridad en el Ámbito Laboral
Redaccion Cientifica,11/11/2025,,Martes,9:00,18:00,2,212,,Crespo,,,
Seqigen,18/11/2025,,Martes,13:00,15:00,2,212,,Daraio,,,
Sistemática Teórica/Análisis Cladístico,,,Martes,9:00,13:00,2,Sala A,EGE,Gottlieb,,39,Sistemática Teórica/Análisis Cladístico
Biología de la Conservación,4/11/2025-11/11/2025-18/11/2025,,Martes,17:00,20:00,2,Sala A,EGE,Paris,,27,Biología de la Conservación/Conservación de la Biodiversidad
Geología Regional,,,Martes,17:00,20:00,2,Sala B,DCG,,,17,Geología Regional
Nomenclatura Zoológica,04/11/2025-11/11/2025,,Martes,9:00,17:30,2,SEMINARIO,,,,22,Nomenclatura Zoológica
Fund.Lenguajes para Computación Cuántica,18/11/2025-25/11/2025,,Martes,14:00,17:00,2,SEMINARIO,,,,40,Fundamentos de Lenguajes para Computación Cuántica
Entomología,2/12/2025,,Martes,9:00,13:00,2,SEMINARIO,,Castelo,,,
Programa de Historia,,,Martes,17:00,22:00,2,SEMINARIO,,,,20,Programa de Historia
Int.a la Biología Molecular y Celular,NO18/11/2025,,Martes,9:30,12:30,2,Magna,FBMC,Colman,,37,Introducción a la Biología Molecular y Celular/Int.a la Biología Molecular para Paleontólogos 
CBC (Álgebra),04/11/2025,,Martes,14:00,17:00,2,Magna,,Kuna,,,
Física 1,18/11/2025,,Martes,9:00,14:00,2,Magna,,,,,
Química Biológica ,,,Martes,18:30,21:00,2,Magna,QB,Santos,,18,Química Biológica 
(CBC)-FISICA E INTRODUCCIÓN A LA BIOFISICA (53),,SILVA,Martes,7:00,10:00,2,101,CBC,,,,
(CBC)-FISICA E INTRODUCCIÓN A LA BIOFISICA (53),,GHIRARDOSI,Martes,10:00,13:00,2,101,CBC,,,,
(CBC)-FISICA E INTRODUCCIÓN A LA BIOFISICA (53),,GHIRARDOSI,Martes,14:00,17:00,2,101,CBC,,,,
(CBC)-FISICA E INTRODUCCIÓN A LA BIOFISICA (53),,SILVA,Martes,17:00,20:00,2,101,CBC,,,,
(CBC)-FISICA E INTRODUCCIÓN A LA BIOFISICA (53),,SILVA,Martes,20:00,23:00,2,101,CBC,,,,
(CBC)-QUIMICA-(05),,IDOYAGA,Martes,7:00,10:00,2,102,CBC,,,,
(CBC)-QUIMICA-(05),,DI RISIO,Martes,10:00,13:00,2,102,CBC,,,,
(CBC)-QUIMICA-(05),,DI RISIO,Martes,13:00,16:00,2,102,CBC,,,,
(CBC)-QUIMICA-(05),,DI RISIO,Martes,17:00,20:00,2,102,CBC,,,,
(CBC)-QUIMICA-(05),,DI RISIO,Martes,7:00,10:00,2,103,CBC,,,,
(CBC)-QUIMICA-(05),,IDOYAGA,Martes,10:00,13:00,2,103,CBC,,,,
(CBC)-INT. AL PENSAMIENTO CIENTIFICO (40),,ARROCHE,Martes,13:00,15:00,2,103,CBC,,,,
(CBC)-INT. AL PENSAMIENTO CIENTIFICO (40),,ARROCHE,Martes,15:00,17:00,2,103,CBC,,,,
(CBC)-INT. AL PENSAMIENTO CIENTIFICO (40),,ARROCHE,Martes,17:00,19:00,2,103,CBC,,,,
(CBC)-INT. AL PENSAMIENTO CIENTIFICO (40),,ARROCHE,Martes,19:00,21:00,2,103,CBC,,,,
(CBC)-INT. AL PENSAMIENTO CIENTIFICO (40),,MIGUEL,Martes,7:00,9:00,2,104,CBC,,,,
(CBC)-INT. AL PENSAMIENTO CIENTIFICO (40),,ARROCHE,Martes,9:00,11:00,2,104,CBC,,,,
(CBC)-INT. AL PENSAMIENTO CIENTIFICO (40),,PARUELO,Martes,11:00,13:00,2,104,CBC,,,,
(CBC)-FISICA E INTRODUCCIÓN A LA BIOFISICA (53),,GHIRARDOSI,Martes,14:00,17:00,2,104,CBC,,,,
(CBC)-FISICA E INTRODUCCIÓN A LA BIOFISICA (53),,GHIRARDOSI,Martes,17:00,20:00,2,104,CBC,,,,
(CBC)-PSICOLOGIA,,STASIEJKO,Martes,7:00,9:00,2,107,CBC,,,,
(CBC)-PSICOLOGIA,,STASIEJKO,Martes,9:00,11:00,2,107,CBC,,,,
(CBC)-PSICOLOGIA,,STASIEJKO,Martes,11:00,13:00,2,107,CBC,,,,
(CBC)-FILOSOFIA,,CASTRO,Martes,13:00,15:00,2,107,CBC,,,,
(CBC)-FILOSOFIA,,CASTRO,Martes,15:00,17:00,2,107,CBC,,,,
(CBC)-BIOLOGIA E INTRODUCCIÓN A LA BIOLOGIA CELULAR (54),,TODARO,Martes,17:00,20:00,2,107,CBC,,,,
(CBC)-INT. AL PENSAMIENTO CIENTIFICO (40),,ARROCHE,Martes,7:00,9:00,2,108,CBC,,,,
(CBC)-INT. AL PENSAMIENTO CIENTIFICO (40),,PARUELO,Martes,11:00,13:00,2,108,CBC,,,,
(CBC)-INT. AL PENSAMIENTO CIENTIFICO (40),,PARUELO,Martes,13:00,15:00,2,108,CBC,,,,
(CBC)-INT. AL PENSAMIENTO CIENTIFICO (40),,PARUELO,Martes,15:00,17:00,2,108,CBC,,,,
(CBC)-INT. AL PENSAMIENTO CIENTIFICO (40),,ARROCHE,Martes,7:00,9:00,2,109,CBC,,,,
(CBC)-INT. AL PENSAMIENTO CIENTIFICO (40),,PARUELO,Martes,9:00,11:00,2,109,CBC,,,,
(CBC)-TRABAJO Y SOCIEDAD,,CAGNACCI,Martes,11:00,13:00,2,109,CBC,,,,
(CBC)-INT. AL PENSAMIENTO CIENTIFICO (40),,ARROCHE,Martes,13:00,15:00,2,109,CBC,,,,
(CBC)-INT. AL PENSAMIENTO CIENTIFICO (40),,ARROCHE,Martes,15:00,17:00,2,109,CBC,,,,
(CBC)-INT. AL PENSAMIENTO CIENTIFICO (40),,PARUELO,Martes,17:00,19:00,2,109,CBC,,,,
(CBC)-MATEMATICA 9h (61),,UNICA,Martes,10:00,13:00,2,110,CBC,,,,
(CBC)-FISICA E INTRODUCCIÓN A LA BIOFISICA (53),,SILVA,Martes,14:00,17:00,2,110,CBC,,,,
(CBC)-ALGEBRA (27),,UNICA,Martes,7:00,10:00,2,111,CBC,,,,
(CBC)-ALGEBRA (27),,UNICA,Martes,10:00,13:00,2,111,CBC,,,,
(CBC)-ALGEBRA (27),,UNICA,Martes,14:00,17:00,2,111,CBC,,,,
(CBC)-ALGEBRA (27),,UNICA,Martes,17:00,20:00,2,111,CBC,,,,
(CBC)-ALGEBRA (27),,UNICA,Martes,7:00,10:00,2,113,CBC,,,,
(CBC)-ALGEBRA (27),,UNICA,Martes,10:00,13:00,2,113,CBC,,,,
(CBC)-QUIMICA-(05),,DI RISIO,Martes,13:00,16:00,2,113,CBC,,,,
(CBC)-FISICA-(03),,UNICA,Martes,17:00,20:00,2,113,CBC,,,,
(CBC)-ALGEBRA (27),,UNICA,Martes,20:00,23:00,2,113,CBC,,,,
(CBC)-INT. AL PENSAMIENTO CIENTIFICO (40),,ARROCHE,Martes,7:00,9:00,2,205,CBC,,,,
(CBC)-INT. AL PENSAMIENTO CIENTIFICO (40),,PARUELO,Martes,9:00,11:00,2,205,CBC,,,,
(CBC)-INT. AL PENSAMIENTO CIENTIFICO (40),,MIGUEL,Martes,11:00,13:00,2,205,CBC,,,,
(CBC)-INT. AL PENSAMIENTO CIENTIFICO (40),,ARROCHE,Martes,13:00,15:00,2,205,CBC,,,,
(CBC)-INT. AL PENSAMIENTO CIENTIFICO (40),,PARUELO,Martes,15:00,17:00,2,205,CBC,,,,
(CBC)-INT. AL PENSAMIENTO CIENTIFICO (40),,PARUELO,Martes,17:00,19:00,2,205,CBC,,,,
(CBC)-INT. AL PENSAMIENTO CIENTIFICO (40),,PARUELO,Martes,19:00,21:00,2,205,CBC,,,,
(CBC)-INT. AL PENSAMIENTO CIENTIFICO (40),,PARUELO,Martes,21:00,23:00,2,205,CBC,,,,
(CBC)-ALGEBRA (27),,UNICA,Martes,10:00,13:00,2,206,CBC,,,,
(CBC)-FISICA-(03),,UNICA,Martes,14:00,17:00,2,206,CBC,,,,
(CBC)-MATEMATICA 9h (61),,UNICA,Martes,17:00,20:00,2,206,CBC,,,,
(CBC)-FISICA E INTRODUCCIÓN A LA BIOFISICA (53),,SILVA,Martes,7:00,10:00,2,208,CBC,,,,
(CBC)-FISICA E INTRODUCCIÓN A LA BIOFISICA (53),,SILVA,Martes,10:00,13:00,2,208,CBC,,,,
(CBC)-FISICA E INTRODUCCIÓN A LA BIOFISICA (53),,SILVA,Martes,14:00,17:00,2,208,CBC,,,,
(CBC)-ALGEBRA A (62),,UNICA,Martes,17:00,20:00,2,208,CBC,,,,
(CBC)-ALGEBRA A (62),,UNICA,Martes,20:00,23:00,2,208,CBC,,,,
(CBC)-FILOSOFIA,,CASTRO,Martes,7:00,9:00,2,210,CBC,,,,
(CBC)-ALGEBRA (27),,UNICA,Martes,10:00,13:00,2,210,CBC,,,,
(CBC)-SOCIOLOGIA,,MECCIA,Martes,17:00,19:00,2,210,CBC,,,,
(CBC)-SOCIOLOGIA,,MECCIA,Martes,19:00,21:00,2,210,CBC,,,,
(CBC)-FILOSOFIA,,CASTRO,Martes,7:00,9:00,2,211,CBC,,,,
(CBC)-FILOSOFIA,,GONZALEZ A.,Martes,9:00,11:00,2,211,CBC,,,,
(CBC)-FILOSOFIA,,CASTRO,Martes,11:00,13:00,2,211,CBC,,,,
(CBC)-QUIMICA-(05),,DI RISIO,Martes,17:00,20:00,2,211,CBC,,,,
(CBC)-QUIMICA-(05),,DI RISIO,Martes,7:00,10:00,2,213,CBC,,,,
(CBC)-QUIMICA-(05),,DI RISIO,Martes,10:00,13:00,2,213,CBC,,,,
(CBC)-FISICA-(03),,UNICA,Martes,14:00,17:00,2,213,CBC,,,,
(CBC)-FISICA-(03),,UNICA,Martes,17:00,20:00,2,213,CBC,,,,
(CBC)-QUIMICA-(05),,DI RISIO,Martes,20:00,23:00,2,213,CBC,,,,
(CBC)-FISICA E INTRODUCCIÓN A LA BIOFISICA (53),,GHIRARDOSI,Martes,7:00,10:00,2,214,CBC,,,,
(CBC)-FISICA E INTRODUCCIÓN A LA BIOFISICA (53),,GHIRARDOSI,Martes,10:00,13:00,2,214,CBC,,,,
(CBC)-FISICA-(03),,UNICA,Martes,14:00,17:00,2,214,CBC,,,,
(CBC)-FISICA-(03),,UNICA,Martes,17:00,20:00,2,214,CBC,,,,
(CBC)-FISICA-(03),,UNICA,Martes,20:00,23:00,2,214,CBC,,,,