CARTELERA PROVISORIA - 2025 - 2do cuatrimestre,,,,,,,,,,,,
Actividades,Turno,Clase,Día,Inicio,Fin,Pab.,Aula,RA,DOCENTE,,,
Seminario de Álgebra Homológica,NO12/11/2025,,Miércoles,9:00,11:00,0,1101,,,,31,Seminario de Álgebra Homológica
Semana de los profesorados,12/11/2025,,Miércoles,9:00,11:00,0,1101,,,,26,Semana de los profesorados
Bases de Programación/Taller de Inf./PC,,,Miércoles,11:00,13:00,0,1101,DC,Mocskos,,39,Bases de Programación y Pensamiento Computacional/Taller de Informática/Pensamiento Computacional
Bases de Programación/Taller de Inf./PC,,,Miércoles,14:00,16:00,0,1101,DC,Mocskos,,39,Bases de Programación y Pensamiento Computacional/Taller de Informática/Pensamiento Computacional
Almacenamiento y Rec.Inf./Base de Datos,,,Miércoles,17:00,22:00,0,1101,DC,Platzer,,39,Almacenamiento y Recuperación de la Información/Base de Datos
Robótica Móvil,,,Miércoles,10:00,13:00,0,1102,DC,De Cristóforis,,14,Robótica Móvil/Fundamentos y Aplicaciones de Robótica Movil
Virología Molecular,,,Miércoles,13:00,15:00,0,1102,QB,Garcia Cybele,,19,Virología Molecular
Topología/Tópicos de Topología,,,Miércoles,17:00,22:00,0,1102,DM,Devoto/Arnone,,30,Topología/Tópicos de Topología
Algoritmos I/Int.Programación/Int.Comp.,,,Miércoles,11:00,13:30,0,1103,DC,Urtasun/Zabala/Altauz/Di Piazza/Rodríguez,,39,Algoritmos y Estructuras de Datos I/Introducción a la Programación/Introducción a la Computación
Algoritmos I/Int.Programación/Int.Comp.,,,Miércoles,14:00,17:00,0,1103,DC,Urtasun/Zabala/Altauz/Di Piazza/Rodríguez,,39,Algoritmos y Estructuras de Datos I/Introducción a la Programación/Introducción a la Computación
Algoritmos I/Int.Programación/Int.Comp.,,,Miércoles,19:30,21:30,0,1103,DC,Urtasun/Zabala/Altauz/Di Piazza/Rodríguez,,39,Algoritmos y Estructuras de Datos I/Introducción a la Programación/Introducción a la Computación
Algoritmos I/Int.Programación/Int.Comp.,,,Miércoles,11:00,13:30,0,1104,DC,Urtasun/Zabala/Altauz/Di Piazza/Rodríguez,,39,Algoritmos y Estructuras de Datos I/Introducción a la Programación/Introducción a la Computación
Algoritmos I/Int.Programación/Int.Comp.,,,Miércoles,14:00,17:00,0,1104,DC,Urtasun/Zabala/Altauz/Di Piazza/Rodríguez,,39,Algoritmos y Estructuras de Datos I/Introducción a la Programación/Introducción a la Computación
Algoritmos I/Int.Programación/Int.Comp.,,,Miércoles,19:30,21:30,0,1104,DC,Urtasun/Zabala/Altauz/Di Piazza/Rodríguez,,39,Algoritmos y Estructuras de Datos I/Introducción a la Programación/Introducción a la Computación
Algoritmos I/Int.Programación/Int.Comp.,,,Miércoles,11:00,13:30,0,1105,DC,Urtasun/Zabala/Altauz/Di Piazza/Rodríguez,,39,Algoritmos y Estructuras de Datos I/Introducción a la Programación/Introducción a la Computación
Algoritmos I/Int.Programación/Int.Comp.,,,Miércoles,14:00,17:00,0,1105,DC,Urtasun/Zabala/Altauz/Di Piazza/Rodríguez,,39,Algoritmos y Estructuras de Datos I/Introducción a la Programación/Introducción a la Computación
Algoritmos I/Int.Programación/Int.Comp.,,,Miércoles,19:30,21:30,0,1105,DC,Urtasun/Zabala/Altauz/Di Piazza/Rodríguez,,39,Algoritmos y Estructuras de Datos I/Introducción a la Programación/Introducción a la Computación
Algoritmos I/Int.Programación/Int.Comp.,,,Miércoles,11:00,13:30,0,1106,DC,Urtasun/Zabala/Altauz/Di Piazza/Rodríguez,,39,Algoritmos y Estructuras de Datos I/Introducción a la Programación/Introducción a la Computación
Ingeniería de Software II,,,Miércoles,17:00,22:00,0,1106,DC,,,25,Ingeniería de Software II
Climatología,,,Miércoles,8:00,11:00,0,1107,DCAO,Robleto/Ayala,,12,Climatología
Almacenamiento y Rec.Inf./Base de Datos,,,Miércoles,17:00,19:00,0,1107,DC,,,39,Almacenamiento y Recuperación de la Información/Base de Datos
Semana de los profesorados,12/11/2025,,Miércoles,14:00,16:00,0,1107,,,,26,Semana de los profesorados
Procesamiento Digital de Imágenes,,,Miércoles,14:00,17:00,0,1107,D,,,33,Procesamiento Digital de Imágenes
Biometría ,,TM,Miércoles,9:30,13:00,0,1108,EGE,Velasco,,10,Biometría 
Biometría ,,TT,Miércoles,13:30,17:00,0,1108,EGE,Farina,,10,Biometría 
Biometría II/Mod.Lin.Grales.y Mixtos ,,TN,Miércoles,17:30,20:30,0,1108,EGE,Flaibani,,37,Biometría II/Modelos Lineales Generales y Mixtos
Matemática II,12/11/2025,,Miércoles,10:00,14:00,0,1109,,,,13,Semana de los profesorados
Int.al Modelado Continuo,,,Miércoles,14:00,18:00,0,1109,DF,Fainstein,,24,Introducción al Modelado Continuo/Ecuaciones de la Física Matemática
Ecología General,12/11/2025,,Miércoles,18:00,22:00,0,1109,,,,,
Conceptos y Técnicas de Biotecnologia,19/11/2025,,Miércoles,18:00,22:00,0,1109,FBMC,Romano,,37,Conceptos y Técnicas de Biotecnologia
Robótica Móvil,05/11/2025-19/11/2025-26/11/2025,,Miércoles,10:00,13:00,0,1110,,,,,
Semana de los profesorados,12/11/2025,,Miércoles,10:00,13:00,0,1110,,,,26,Semana de los profesorados
Biometría II/Mod.Lin.Grales.y Mixtos ,,TT,Miércoles,13:00,16:00,0,1110,EGE,Guidobono,,37,Biometría II/Modelos Lineales Generales y Mixtos
Cálculo Numérico/ECN,,,Miércoles,16:00,19:00,0,1110,DM,Etcheverry/Pedersen,,20,Cálculo Numérico/Elementos de Cálculo numérico
Ciencias de Redes Humanas y Sociales,,,Miércoles,19:00,22:00,0,1110,,,,36,Ciencias de Redes Humanas y Sociales
Semana de los profesorados,12/11/2025,,Miércoles,14:00,16:00,0,1111,,,,26,Semana de los profesorados
Cálculo Numérico/ECN,,,Miércoles,16:00,19:00,0,1111,DM,Etcheverry/Pedersen,,20,Cálculo Numérico/Elementos de Cálculo numérico
Optimización Semidefinida,,,Miércoles,19:00,22:00,0,1111,IC,Laplagne,,25,Optimización Semidefinida/Temas de Optimización Semidefinida
Matemática II,,,Miércoles,11:00,14:00,0,1112,DM,Stockdale,,13,Matemática II
Semana de los profesorados ,12/11/2025,,Miércoles,14:00,16:00,0,1112,,,,27,Semana de los profesorados 
Cálculo Numérico/ECN,,,Miércoles,16:00,19:00,0,1112,DM,Etcheverry/Pedersen,,20,Cálculo Numérico/Elementos de Cálculo numérico
Matemática II,,,Miércoles,19:00,22:00,0,1112,DM,Perrella,,13,Matemática II
Taller de Int.a las Cs.de Población,5/11/2025,,Miércoles,18:00,20:00,0,1113,,,,35,
Fisiología Animal Comparada,12/11/2025,,Miércoles,10:00,12:00,0,1113,BBE,Rodríguez,,27,Fisiología Animal Comparada
Taller de Int.a las Cs.de Población,12/11/2025,,Miércoles,18:00,20:00,0,1113,,,,35,
Int.Neurociencias Cognitivas de Lenguaje,03/12/2025,,Miércoles,9:00,18:00,0,1113,,,,40,
Semana de los profesorados,12/11/2025,,Miércoles,10:00,13:00,0,1114,,,,26,Semana de los profesorados
Semana de los profesorados,12/11/2025,,Miércoles,14:00,17:00,0,1114,,,,26,Semana de los profesorados
Curso de Láseres (Estrada),19/11/2025,,Miércoles,9:00,17:00,0,1114,,,,26,
Workshop Mixed local and nonlocal ops,26/11/2025,,Miércoles,9:00,17:00,0,1114,,Balderrama (DM),,37,
"Economía, Conceptos y Métodos",,,Miércoles,17:00,21:00,0,1114,,,,29,"Economía, Conceptos y Métodos"
Aprendizaje Supervisado:Mat.del Learning,,,Miércoles,10:00,14:00,0,1115,,,3º bimestre,40,Aprendizaje Supervisado: la Matemática del Learning
Drug discovery (Zaiat),12/11/2025,,Miércoles,9:00,13:00,0,1115,,,,22,Drug discovery (Zaiat)
Est.Sistema Climático 1/Prob.y Est.,,,Miércoles,14:00,19:00,0,1115,DCAO,Bettolli/Diaz,,35,Estadística para el Sistema Climático 1/Probabilidades y Estadística 
Temas Avanzados de Term.Fca.Estadística,,,Miércoles,9:00,14:00,0,1203,DF,Calzetta,,39,Temas Avanzados de Termodinámica y Física Estadística/Nuevos Desarrollos en Termodinámica y Física Estadística
Análisis Complejo,,,Miércoles,14:00,19:00,0,1203,DM,Rial/Aguilera,,17,Análisis Complejo
Ecuaciones Diferenciales ,,,Miércoles,9:00,14:00,0,1204,DM,Fernandez Bonder/Ceresa,,25,Ecuaciones Diferenciales A/Ecuaciones Diferenciales B
Redacción y Comunicación Científica ,,,Miércoles,14:00,17:00,0,1204,DCAO,,,36,Redacción y Comunicación Científica (OSMAN) 
Electromagnetismo y Óptica ,,TB,Miércoles,17:00,21:00,0,1204,DF,Pietrasanta/Gulisano,,27,Electromagnetismo y Óptica 
Ecología General ,,TA,Miércoles,9:00,13:00,0,1205,EGE,Courtalon,,17,Ecología General 
CODA,5/11/2025,,miércoles,15:00,18:00,0,1205,,,,,
Ecología General ,,TC,Miércoles,18:00,22:00,0,1205,EGE,Cristiano,,17,Ecología General 
Ecología General ,,TB,Miércoles,9:00,13:00,0,1206,EGE,Burroni,,17,Ecología General 
Int.al Modelado Continuo,,,Miércoles,14:00,18:00,0,1206,EGE,Fainstein,,24,Introducción al Modelado Continuo/Ecuaciones de la Física Matemática
Ecología General ,,TD,Miércoles,18:00,22:00,0,1206,EGE,Santoandre,,17,Ecología General 
Química Física I ,,,Miércoles,9:00,14:00,0,1207,QI,Castro,,17,Química Física I 
Meteorología General ,,,Miércoles,14:00,19:00,0,1207,DCAO,Diaz/Burek,,21,Meteorología General 
Teoría de las Comunicaciones,,,Miércoles,19:00,22:00,0,1207,DC,Righetti,,28,Teoría de las Comunicaciones
Matemática II,,,Miércoles,9:00,11:00,0,1208,DM,Stockdale,,13,Matemática II
Química Orgánica 1,,T1,Miércoles,12:00,14:30,0,1208,QO,Di Chenna,,18,Química Orgánica 1
Química Orgánica 1,,,Miércoles,15:00,17:00,0,1208,QO,Di Chenna,,18,Química Orgánica 1
Matemática II,,,Miércoles,17:00,19:00,0,1208,DM,Suarez Alvarez,,13,Matemática II
Vertebrados,,,Miércoles,9:30,12:30,0,1209,BBE,Faivovich,,11,Vertebrados
Introducción al Cambio Climatología,,,Miércoles,14:00,17:00,0,1209,DCAO,,,35,Procesamiento de Imágenes I 
Física II ,,,Miércoles,17:00,21:00,0,1209,DF,Morales/Severino,,10,Física II 
Electromagnetismo y Óptica,,TA,Miércoles,9:00,13:00,0,1301,DF,Estrada/Armaleo,,26,Electromagnetismo y Óptica
Reserva Groisman a partir de octubre,,,Miércoles,13:00,17:00,0,1301,,,,36,Reserva Groisman a partir de octubre
Química Física II ,,,Miércoles,17:00,22:00,0,1301,QI,Barja,,18,Química Física II 
Biometría II/Mod.Lin.Grales.y Mixtos ,,,Miércoles,9:30,12:00,0,1302,EGE,Pérez,,37,Biometría II/Modelos Lineales Generales y Mixtos 
Evolución,,,Miércoles,13:00,17:00,0,1302,EGE,Tropeira,,9,Evolución
Física Teórica 1,,,Miércoles,17:00,22:00,0,1302,DF,Minini/Rubin,,16,Física Teórica 1
CCP,05/11/2025,,Miércoles,12:00,14:00,0,1303,,,,,
Semana de los profesorados ,12/11/2025,,Miércoles,10:00,13:00,0,1303,,,,27,Semana de los profesorados 
Cierre de proyecto / Fleni Fingers,19/11/2025,,Miércoles,11:00,13:00,0,1303,,,,34,Cierre de proyecto / Fleni Fingers
Reserva Pickholz/Saragueta,26/11/2025,,Miércoles,9:00,13:00,0,1303,,,,26,Reserva Pickholz/Saragueta
Teoría Cuántica de Campos,,,Miércoles,14:00,19:00,0,1303,DF,Lombardo,,25,Teoría Cuántica de Campos/Teoría Cuántica de Campos
Tesis de Licenciatura ,,,Miércoles,10:00,13:00,0,1304,IC,Farall,,22,Tesis de Licenciatura 
Neurobiología del Aprendizaje y la Mem.,,,Miércoles,14:00,17:00,0,1304,FBMC,Romano,,39,Neurobiología del Aprendizaje y la Memoria/Mecanismos de Memoria
Neurobiología del Aprendizaje y la Mem.,,,Miércoles,18:00,22:00,0,1304,FBMC,Romano,,39,Neurobiología del Aprendizaje y la Memoria/Mecanismos de Memoria
Int.al Aprendizaje Automático en Grafos,,,Miércoles,9:00,13:00,0,1305,DC,Lombardi,,39,Introducción al Aprendizaje Automático en Grafos / 2025
Química Orgánica 1,,T2,Miércoles,17:30,20:00,0,1305,QO,Di Chenna,,18,Química Orgánica 1
Física del Plasma,,,Miércoles,10:00,14:00,0,1306,DF,Minotti/Xaubet,,17,Física del Plasma
LABI meeting 2025 ,12/11/2025,,Miércoles,14:00,17:00,0,1306,,Pietrasanta,,18,LABI meeting 2025 (Pietrasanta)
Procesamiento Digital de Geometría,,,Miércoles,17:00,19:00,0,1306,DC,Taubin,,34,Procesamiento Digital de Geometría
Ciencia de Redes Humanas y Sociales,,,Miércoles,17:00,19:00,0,1306,,,,35,Ciencia de Redes Humanas y Sociales
Teoría de Juegos (DC) 2024,NO12/11/2025,,Miércoles,14:30,18:00,2,1307,DC,Arbiser,,26,Teoría de Juegos (DC) 2024/Tópicos de Teoría de Juegos
Semana de los profesorados,12/11/2025,,Miércoles,10:00,13:00,0,1307,,,,26,Semana de los profesorados
Semana de los profesorados,12/11/2025,,Miércoles,14:00,17:00,0,1307,,,,26,Semana de los profesorados
AI,,,Miércoles,18:00,21:00,0,1307,,,,2,AI
Fisiología Animal Comparada,NO12/11/2025,,Miércoles,10:00,12:00,0,1308,BBE,Rodríguez,,27,Fisiología Animal Comparada
Seminario de Probabilidades,,,Miércoles,12:30,14:30,0,1308,,,,,
LAGOS 2025 (BONOMO),12/11/2025,,Miércoles,9:00,18:00,0,1308,,,,19,LAGOS 2025 (BONOMO)
Evolución ,,,Miércoles,9:30,12:30,0,1309,EGE,Soto/Tubaro,,10,Evolución 
Microbiología,,,Miércoles,14:30,16:30,0,1309,QB,Edreira,,13,Microbiología
Biometría ,,,Miércoles,18:30,21:30,0,1309,EGE,Cittadino,,10,Biometría 
Int.a la Botánica,5/11/2025,,Miércoles,18:00,21:00,0,1401,,,,17,Int.a la Botánica
LAGOS 2025 ,12/11/2025,,Miércoles,9:00,19:00,0,1401,,Bonomo,,11,LAGOS 2025 (BONOMO)
RESERVA ALBERTO KORNBLIHTT,19/11/2025,,MIércoles,9:00,17:00,0,1401,,,,26,RESERVA ALBERTO KORNBLIHTT
XIV Conference on Quantum Foundations ,26/11/2025,,Miércoles,8:30,18:00,0,1401,,Bosyk,,38,XIV Conference on Quantum Foundations BOSYK
Phonons 2025 ,03/12/2025,,Miércoles,9:00,18:00,0,1401,,Bragas,,13,Phonons 2025 (Bragas) del 
Homenaje al Dr Daniel Gomez,5/11/2025,,Miércoles,10:00,12:00,0,1402,,,,,
CODA,5/11/2025,,Miércoles,15:00,18:00,0,1402,,,,,
LAGOS 2025 ,12/11/2025,,Miércoles,9:00,18:00,0,1402,,Bonomo,,11,LAGOS 2025 (BONOMO)
IBBEA  - Perspectivas y desafíos,19/11/2025,,miércoles,11:00,13:00,0,1402,,,,32,IBBEA  - Perspectivas y desafíos
Reserva CYT Rectorado,26/11/2025,,Miércoles,9:00,17:00,0,1402,,Weinberg Duran,,21,Reserva WEINBERG-CYT-DURAN
Phonons 2025 ,03/12/2025,,Miércoles,9:00,18:00,0,1402,,Bragas,,13,Phonons 2025 (Bragas) 
LAGOS 2025 ,12/11/2025,,Miércoles,9:00,18:00,0,1403,,Bonomo,VAN A 1308,11,LAGOS 2025 (BONOMO)
Alimentaris Weinberg,3/12/2025,,Miércoles,9:00,17:00,0,1403,,,,20,Alimentaris Weinberg
MATEMAX 2025  (KRICK),17/12/2025,,Miércoles,9:00,18:00,0,1403,,,,21,MATEMAX 2025  (KRICK)
Química General/Qca.Gral.e Inorgánica I,,T2,Miércoles,9:00,12:30,1,2,QI,,,39,Química General e Inorgánica I/Química General
Estructura de la Materia 2,,,Miércoles,13:00,16:00,1,2,DF,Camjayi,,26,Estructura de la Materia 2
Análisis II/Matemática 3,,T3,Miércoles,17:00,22:00,1,2,DM,De Napoli/Ceresa,,24,Análisis II/Matemática 3
Análisis II/Matemática 3,,T2,Miércoles,9:00,14:00,1,3,DM,Maas/Guadalupe,,24,Análisis II/Matemática 3
Int.al Modelado Continuo,,,Miércoles,14:00,18:00,1,3,DF,Fainstein,,24,Introducción al Modelado Continuo/Ecuaciones de la Física Matemática
Optimización Aplicada a la Dist.Log.,,,Miércoles,18:30,21:30,1,3,DC,Negrotto,3º bimestre de 2025,36,Optimización Aplicada a la Distribución Logística/Aplicación de Técnicas de Optimización a la Distribución Logística 
Álgebra Lineal,12/11/2025,,Miércoles,14:00,18:00,1,4,,,,14,Álgebra Lineal
TDA/AEDIII,12/11/2025,,Miércoles,9:00,13:00,1,5,,,,,
Matemática I,,TB,Miércoles,17:00,22:00,1,5,DM,Armentano/Rodríguez Cartabia,,12,Matemática I
Servicio De Higiene Y Seguridad,5/11/2025,,Miércoles,10:00,11:00,1,6,,,,,
Complementos de Análisis Funcional,,,Miércoles,15:00,18:00,1,6,DC,Carando,,34,Complementos de Análisis Funcional/Tópicos de Complementos de Análisis Funcional
Matemática I ,12/11/2025,,Miércoles,10:00,14:00,1,7,,,,,
Grupos de Difeomorfismos,,,Miércoles,14:00,17:00,1,7,DM,Larotonda,,24,Grupos de Difeomorfismos/Difeomorfismos como Grupos de Lie/Frechet
Física Teórica 3 ,,,Miércoles,9:00,14:00,1,8,DF,Perez Nadal/Zanguinetti,,17,Física Teórica 3 
Mecánica y Termodinámica,,,Miércoles,17:00,21:00,1,8,DF,Balenzuela/Cornes,hasta 25/11/2025,24,Mecánica y Termodinámica
Matemática I ,,TA,Miércoles,9:00,14:00,1,9,DM,Rodríguez Cartabia/Kun,,13,Matemática I 
Física 4 ,,,Miércoles,17:00,22:00,1,9,DF,Tamborenea/Vigh,,9,Física 4 
Int.Computación e Información Cuántica,,,Miércoles,13:00,16:00,1,E24,DM,Mansilla,,38,Introducción a la Computación e Información Cuántica/Teoría de la Computación e Información Cuántica 
Métodos Efectivos de Res.Polinomios,,,Miércoles,16:00,19:00,1,E24,DM,Krick,,35,Métodos Efectivos de Resolución de Polinomios
Climatología (ATMO890003),,,Miércoles,8:00,13:00,1,Labo 1,DCAO,Robleto/Ayala,,25,Climatología (ATMO890003)
Drug discovery ,12/11/2025,,Miércoles,13:00,17:00,1,Labo 1,,Zaiat,,15,Drug discovery (Zaiat)
Infraestructura Tecnológica,NO12/11/2025-NO26/11/2025,,Miércoles,17:00,20:00,1,Labo 1,DC,Dunayevich,,27,"Infraestructura Tecnológica: Fundamentos, Gestión y Automatización / 4to.bimestre"
Est.Sistema Climático 1/Prob.y Est.,12/11/2025,,Miércoles,16:00,19:00,1,Labo 1,,,,35,Estadística para el Sistema Climático 1/Probabilidades y Estadística 
Reserva Pickholz/Saragueta,26/11/2025,,Miércoles,13:00,18:00,1,Labo 1,,,,26,Reserva Pickholz/Saragueta
Laboratorio de Pronóstico del Tiempo,,,Miércoles,8:00,13:00,1,Labo 2,DCAO,Mezher/Saucedo,3º bimestre de 2025,36,Pronóstico del Tiempo/Laboratorio de Pronóstico del Tiempo/Técnicas y metodologías para el pronóstico del tiempo – Módulo 1/Técnicas y metodologías para el pronóstico del tiempo – Módulo 2 
Introducción al Cambio Climatología,NO12/11/2025-NO26/11/2025,,Miércoles,16:00,19:00,1,Labo 2,DCAO,,,35,Procesamiento de Imágenes I 
Infraestructura Tecnológica,12/11/2025 - 26/11/2025,,Miércoles,17:00,20:00,1,Labo 2,DC,Dunayevich,,27,"Infraestructura Tecnológica: Fundamentos, Gestión y Automatización / 4to.bimestre"
Algoritmos II/Algoritmos y Est.de Datos,,,Miércoles,9:00,14:00,1,Magna,DC,Feuerstein/Tcach/Uchitel,,39,Algoritmos y Estructuras de Datos/Algoritmos y Estructuras de Datos II
Reserva Santi Sosa/Goodall,19/11/2025,,Miércoles,14:00,17:00,1,Magna,,,,,
Algoritmos II/Algoritmos y Est.de Datos,,,Miércoles,17:00,22:00,1,Magna,DC,Feuerstein/Tcach/Uchitel,,39,Algoritmos y Estructuras de Datos/Algoritmos y Estructuras de Datos II
Complejidad Computacional/LyC,,,Miércoles,17:00,22:00,2,2,DC,Abriola,,29,Complejidad Computacional/Lógica y Computabilidad/Teoría de la Complejidad Computacional
Algoritmos III/Técn.Diseño de Algoritmos,,,Miércoles,9:00,13:00,2,5,DC,Bemdersky/Bianchi/Gaggion/Lin,,40,Algoritmos y Estructuras de Datos III/Técnicas de Diseño de Algoritmos
Algoritmos III/Técn.Diseño de Algoritmos,,,Miércoles,17:00,21:00,2,5,DC,Bemdersky/Bianchi/Gaggion/Lin,,40,Algoritmos y Estructuras de Datos III/Técnicas de Diseño de Algoritmos
Genética ,,,Miércoles,10:00,13:00,2,6,EGE,Carcagno/Frankel,,9,Genética 
Química Orgánica ,,,Miércoles,15:00,17:00,2,6,QO,Duran Fernando,,17,Química Orgánica 
Lenguajes Formales Autómatas y Comp./TL,,,Miércoles,17:00,22:00,2,6,DC,Becher,,39,Lenguajes Formales Autómatas y Computabilidad/Teoría de Lenguajes
Análisis II/Matemática 3,,T1,Miércoles,9:00,14:00,2,12,DM,Pinasco/Guadalupe,,24,Análisis II/Matemática 3
Análisis II/Matemática 3,,T4,Miércoles,14:00,19:00,2,12,DM,Mastroberti,,24,Análisis II/Matemática 3
Cálculo Numérico/ECN,,,Miércoles,19:00,21:00,2,12,DM,Etcheverry/Pedersen,,20,Cálculo Numérico/Elementos de Cálculo Numérico
Semana de los profesorados,12/11/2025,,Miércoles,10:00,13:00,2,15,,,,26,Semana de los profesorados
Psicología y Aprendizaje,,,Miércoles,18:00,22:00,2,15,CCPEMS,Acevedo,,24,Psicología y Aprendizaje
Evaluación en Matemática,,,Miércoles,15:00,19:00,2,111,CCPEMS,Bifano,,24,Evaluación en Matemática: procesos y resultados
Limnología,,,Miércoles,10:30,12:30,2,112,EGE,Izaguirre/Vera,,10,Limnología
Limnología,,,Miércoles,13:30,17:00,2,112,EGE,Izaguirre/Vera,,10,Limnología
Ingeniería Genética,,,Miércoles,18:00,22:00,2,112,FBMC,Colman,,19,Ingeniería Genética/Ingeniería Genética y Biología de Sistemas Moleculares
Teoría de Juegos (DC) 2024,12/11/20255,,Miércoles,14:30,19:00,2,113,DC,Arbiser,,26,Teoría de Juegos (DC) 2024/Tópicos de Teoría de Juegos
Instrumentos y Mét.de Observación Ocean.,,,Miércoles,8:00,13:00,2,114,DCAO,Danieli/Cornejo,,40,Instrumentos y Métodos de Observación Oceanográficos
Ecología de Regiones y Paisajes,,,Miércoles,14:00,16:00,2,114,EGE,Cavia,,31,Ecología de Regiones y Paisajes/Fundamentos de la Ecología de Paisajes y Regiones
Sistemática de Plantas Vasculares,,,Miércoles,15:00,17:00,2,115,BBE,Iannone,,33,Sistemática de Plantas Vasculares/Tópicos en Sistemática de Plantas Vasculares
Química de Alimentos,,,Miércoles,17:00,20:00,2,115,DCAO,Campos,,20,Química de Alimentos
Paleo y Neoclima,,,Miércoles,8:00,10:00,2,116,DCAO,Doyle,,16,Paleo y Neoclima
Física 3,,,Miércoles,10:00,15:00,2,116,DF,Bejarano,,8,Física 3
Paleobiología,,,Miércoles,15:00,20:00,2,116,EGE,Laprida,,13,Paleobiología
Didáctica Esp.y Prác.de la Enseñanza I,,,Miércoles,14:00,20:00,2,117,CCPEMS,Aduriz,,38,Didáctica Especial y Práctica de la Enseñanza I/Didáctica de las Ciencias Naturales
Secretaria de Habitat (Brigada),5/11/2025,,Miércoles,11:00,13:00,2,203,,,,,
Secretaria de Habitat (Brigada),5/11/2025,,Miércoles,15:00,17:00,2,203,,,,,
Redaccion Cientifica,12/11/2025,,Miércoles,9:00,18:00,2,203,,Crespo,,,
Análisis Instrumental ,,T3,Miércoles,18:00,22:00,2,203,QO,Cabrera/Etchenique,,22,Análisis Instrumental 
QUIMICA (CBC) DI RISSIO,,,Miércoles,7:00,16:00,2,207,,,,23,QUIMICA (CBC) DI RISSIO
Complejidad Computacional/LyC,,,Miércoles,17:00,22:00,2,207,DC,Abriola,,29,Complejidad Computacional/Lógica y Computabilidad/Teoría de la Complejidad Computacional
"Carrera de Seguridad en el Ámb,Laboral",5/11/2025,,Miércoles,14:00,20:00,2,212,,,,38,Carrera de Seguridad en el Ámbito Laboral
Semana de los profesorados ,12/11/2025,,Miércoles,10:00,13:00,2,212,,,,27,Semana de los profesorados 2/4
"Didáctica Esp.y Práctica de la Ens,II",,,Miércoles,17:00,21:00,2,212,CCPEMS,Ithuralde,,37,Didáctica Especial y Práctica de la Enseñanza II
Ecología de Poblaciones,,,Miércoles,9:00,14:00,2,Sala A,EGE,Cardinal,,23,Ecología de Poblaciones/Tópicos Avanzados en Ecología de Poblaciones
Limnología ,,,Miércoles,14:00,17:00,2,Sala A,EGE,,,11,Limnología 
Ecología de Regiones y Paisajes,,,Miércoles,17:00,21:00,2,Sala A,EGE,Torrella,,31,Ecología de Regiones y Paisajes/Fundamentos de la Ecología de Paisajes y Regiones
Paleo y Neoclima,,,Miércoles,10:00,13:00,2,Sala B,DCAO,Blanco,,16,Paleo y Neoclima
Introducción a la Ingeniería de Costas,,,Miércoles,14:00,18:00,2,Sala B,DCAO,Alonso/Salimberti,,38,Introducción a la Ingeniería de Costas
Ingeniería Genética,,,Miércoles,18:00,22:00,2,Sala B,FBMC,,,19,Ingeniería Genética/Ingeniería Genética y Biología de Sistemas Moleculares
Nomenclatura Zoológica,05/11/2025-12/11/2025,,Miércoles,9:00,17:30,2,SEMINARIO,,,,22,Nomenclatura Zoológica
Fund.Lenguajes para Computación Cuántica,19/11/2025,,Miércoles,14:00,18:00,2,SEMINARIO,,,,40,Fundamentos de Lenguajes para Computación Cuántica
Entomología,3/12/2025,,Miércoles,9:00,13:00,2,SEMINARIO,,Castelo,,,
Congreso Cierre DOV,05/11/2025,,Miércoles,9:00,13:00,2,Magna,,,,19,Congreso Cierre DOV
Ecología General,,,Miércoles,15:00,17:30,2,Magna,EGE,Busch,,16,Ecología General
"Int,a la Botánica",,,Miércoles,18:00,21:00,2,Magna,BBE,Baroli,,17,Introducción a la Botánica/Biodiversidad de Vegetales
(CBC)-QUIMICA-(05),,DI RISIO,Miércoles,10:00,13:00,2,101,CBC,,,,
(CBC)-INT. AL PENSAMIENTO CIENTIFICO (40),,PARUELO,Miércoles,13:00,15:00,2,101,CBC,,,,
(CBC)-INT. AL PENSAMIENTO CIENTIFICO (40),,ARROCHE,Miércoles,15:00,17:00,2,101,CBC,,,,
(CBC)-FISICA E INTRODUCCIÓN A LA BIOFISICA (53),,SILVA,Miércoles,7:00,10:00,2,102,CBC,,,,
(CBC)-FISICA E INTRODUCCIÓN A LA BIOFISICA (53),,GHIRARDOSI,Miércoles,10:00,13:00,2,102,CBC,,,,
(CBC)-INT. AL PENSAMIENTO CIENTIFICO (40),,PARUELO,Miércoles,13:00,15:00,2,102,CBC,,,,
(CBC)-INT. AL PENSAMIENTO CIENTIFICO (40),,PARUELO,Miércoles,15:00,17:00,2,102,CBC,,,,
(CBC)-FISICA E INTRODUCCIÓN A LA BIOFISICA (53),,GHIRARDOSI,Miércoles,7:00,10:00,2,103,CBC,,,,
(CBC)-FILOSOFIA,,CASTRO,Miércoles,13:00,15:00,2,103,CBC,,,,
(CBC)-FILOSOFIA,,GONZALEZ A.,Miércoles,15:00,17:00,2,103,CBC,,,,
(CBC)-FILOSOFIA,,CASTRO,Miércoles,19:00,21:00,2,103,CBC,,,,
(CBC)-FILOSOFIA,,GONZALEZ A.,Miércoles,21:00,23:00,2,103,CBC,,,,
(CBC)-QUIMICA-(05),,DI RISIO,Miércoles,7:00,10:00,2,104,CBC,,,,
(CBC)-QUIMICA-(05),,DI RISIO,Miércoles,10:00,13:00,2,104,CBC,,,,
(CBC)-QUIMICA-(05),,DI RISIO,Miércoles,7:00,10:00,2,107,CBC,,,,
(CBC)-QUIMICA-(05),,DI RISIO,Miércoles,10:00,13:00,2,107,CBC,,,,
(CBC)-QUIMICA-(05),,DI RISIO,Miércoles,13:00,16:00,2,107,CBC,,,,
(CBC)-SOCIOLOGIA,,GAMALLO,Miércoles,7:00,9:00,2,108,CBC,,,,
(CBC)-SOCIOLOGIA,,GAMALLO,Miércoles,9:00,11:00,2,108,CBC,,,,
(CBC)-INT. AL PENSAMIENTO CIENTIFICO (40),,ARROCHE,Miércoles,11:00,13:00,2,108,CBC,,,,
(CBC)-FISICA E INTRODUCCIÓN A LA BIOFISICA (53),,GHIRARDOSI,Miércoles,7:00,10:00,2,109,CBC,,,,
(CBC)-FISICA E INTRODUCCIÓN A LA BIOFISICA (53),,GHIRARDOSI,Miércoles,10:00,13:00,2,109,CBC,,,,
(CBC)-MATEMATICA 9h (61),,UNICA,Miércoles,10:00,13:00,2,110,CBC,,,,
(CBC)-FILOSOFIA,,CASTRO,Miércoles,13:00,15:00,2,110,CBC,,,,
(CBC)-ALGEBRA (27),,UNICA,Miércoles,7:00,10:00,2,111,CBC,,,,
(CBC)-ALGEBRA (27),,UNICA,Miércoles,10:00,13:00,2,111,CBC,,,,
(CBC)-ALGEBRA (27),,UNICA,Miércoles,14:00,17:00,2,111,CBC,,,,
(CBC)-ALGEBRA (27),,UNICA,Miércoles,17:00,20:00,2,111,CBC,,,,
(CBC)-ALGEBRA (27),,UNICA,Miércoles,7:00,10:00,2,113,CBC,,,,
(CBC)-ALGEBRA (27),,UNICA,Miércoles,10:00,13:00,2,113,CBC,,,,
(CBC)-QUIMICA-(05),,DI RISIO,Miércoles,13:00,16:00,2,113,CBC,,,,
(CBC)-ALGEBRA (27),,UNICA,Miércoles,20:00,23:00,2,113,CBC,,,,
(CBC)-INT. AL PENSAMIENTO CIENTIFICO (40),,MIGUEL,Miércoles,7:00,9:00,2,205,CBC,,,,
(CBC)-INT. AL PENSAMIENTO CIENTIFICO (40),,MIGUEL,Miércoles,9:00,11:00,2,205,CBC,,,,
(CBC)-INT. AL PENSAMIENTO CIENTIFICO (40),,MIGUEL,Miércoles,11:00,13:00,2,205,CBC,,,,
(CBC)-ALGEBRA (27),,UNICA,Miércoles,10:00,13:00,2,206,CBC,,,,
(CBC)-ANALISIS MATEMATICO A (66),,UNICA,Miércoles,14:00,17:00,2,206,CBC,,,,
(CBC)-MATEMATICA 9h (61),,UNICA,Miércoles,17:00,20:00,2,206,CBC,,,,
(CBC)-FISICA-(03),,UNICA,Miércoles,7:00,10:00,2,208,CBC,,,,
(CBC)-FISICA-(03),,UNICA,Miércoles,10:00,13:00,2,208,CBC,,,,
(CBC)-QUIMICA-(05),,IDOYAGA,Miércoles,13:00,16:00,2,208,CBC,,,,
(CBC)-ALGEBRA A (62),,UNICA,Miércoles,17:00,20:00,2,208,CBC,,,,
(CBC)-ALGEBRA A (62),,UNICA,Miércoles,20:00,23:00,2,208,CBC,,,,
(CBC)-QUIMICA-(05),,DI RISIO,Miércoles,7:00,10:00,2,210,CBC,,,,
(CBC)-ALGEBRA (27),,UNICA,Miércoles,10:00,13:00,2,210,CBC,,,,
(CBC)-FILOSOFIA,,CASTRO,Miércoles,7:00,9:00,2,211,CBC,,,,
(CBC)-FILOSOFIA,,CASTRO,Miércoles,9:00,11:00,2,211,CBC,,,,
(CBC)-FILOSOFIA,,CASTRO,Miércoles,11:00,13:00,2,211,CBC,,,,
(CBC)-INT. AL PENSAMIENTO CIENTIFICO (40),,PARUELO,Miércoles,13:00,15:00,2,211,CBC,,,,
(CBC)-INT. AL PENSAMIENTO CIENTIFICO (40),,PARUELO,Miércoles,15:00,17:00,2,211,CBC,,,,
(CBC)-INT. AL PENSAMIENTO CIENTIFICO (40),,PARUELO,Miércoles,19:00,21:00,2,211,CBC,,,,
(CBC)-INT. AL PENSAMIENTO CIENTIFICO (40),,PARUELO,Miércoles,21:00,23:00,2,211,CBC,,,,
(CBC)-FISICA-(03),,UNICA,Miércoles,7:00,10:00,2,213,CBC,,,,
(CBC)-FISICA-(03),,UNICA,Miércoles,10:00,13:00,2,213,CBC,,,,
(CBC)-ANALISIS MATEMATICO A (66),,UNICA,Miércoles,14:00,17:00,2,213,CBC,,,,
(CBC)-ANALISIS MATEMATICO A (66),,UNICA,Miércoles,17:00,20:00,2,213,CBC,,,,
(CBC)-ANALISIS MATEMATICO A (66),,UNICA,Miércoles,20:00,23:00,2,213,CBC,,,,
(CBC)-FISICA-(03),,UNICA,Miércoles,7:00,10:00,2,214,CBC,,,,
(CBC)-FISICA-(03),,UNICA,Miércoles,10:00,13:00,2,214,CBC,,,,
(CBC)-INT. AL PENSAMIENTO CIENTIFICO (40),,ARROCHE,Miércoles,13:00,15:00,2,214,CBC,,,,
(CBC)-INT. AL PENSAMIENTO CIENTIFICO (40),,ARROCHE,Miércoles,15:00,17:00,2,214,CBC,,,,
(CBC)-INT. AL PENSAMIENTO CIENTIFICO (40),,ARROCHE,Miércoles,19:00,21:00,2,214,CBC,,,,
(CBC)-INT. AL PENSAMIENTO CIENTIFICO (40),,ARROCHE,Miércoles,21:00,23:00,2,214,CBC,,,,