CARTELERA PROVISORIA - 2025 - 2do cuatrimestre,,,,,,,,,,,,
Actividades,Turno,Clase,Día,Inicio,Fin,Pab.,Aula,RA,,,,
Química Biológica ,,,Viernes,10:00,13:00,0,1101,QB,Santos,,18,Química Biológica 
Microbiología ,,,Viernes,14:30,16:30,0,1101,QB,Edreira,,14,Microbiología 
Almacenamiento y Rec.Inf./Base de Datos,,,Viernes,17:00,22:00,0,1101,DC,Platzer,,39,Almacenamiento y Recuperación de la Información-Base de Datos 
Int.a la Biología Molecular y Celular,,TD,Viernes,9:00,13:00,0,1102,FBMC,Colman,,37,Introducción a la Biología Molecular y Celular 
Física Teórica de Altas Energías,NO17/10/2025,,Viernes,14:00,17:00,0,1102,,,,32,Física Teórica de Altas Energías
Regresión Lineal  ,,,Viernes,17:00,21:30,0,1102,IC,Szretter,CARRO,18,Regresión Lineal  
Algoritmos II/Algoritmos y Est.de Datos,,,Viernes,9:00,14:00,0,1103,DC,,,39,Algoritmos y Estructuras de Datos-Algoritmos y Estructuras de Datos II
Algoritmos II/Algoritmos y Est.de Datos,,,Viernes,14:00,19:00,0,1103,DC,,,39,Algoritmos y Estructuras de Datos-Algoritmos y Estructuras de Datos II
Ingeniería de Software ,,,viernes,19:00,22:00,0,1103,DC,Wilkinson,,23,Ingeniería de Software 
Algoritmos II/Algoritmos y Est.de Datos,,,Viernes,9:00,14:00,0,1104,DC,,,39,Algoritmos y Estructuras de Datos-Algoritmos y Estructuras de Datos II
Algoritmos II/Algoritmos y Est.de Datos,,,Viernes,14:00,19:00,0,1104,DC,,,39,Algoritmos y Estructuras de Datos-Algoritmos y Estructuras de Datos II
Ingeniería de Software,,,viernes,19:00,22:00,0,1104,DC,Wilkinson,,22,Ingeniería de Software/Ingeniería de Software I
Algoritmos II/Algoritmos y Est.de Datos,,,Viernes,9:00,14:00,0,1105,DC,,,39,Algoritmos y Estructuras de Datos-Algoritmos y Estructuras de Datos II
Algoritmos II/Algoritmos y Est.de Datos,,,Viernes,17:00,22:00,0,1105,DC,,,39,Algoritmos y Estructuras de Datos-Algoritmos y Estructuras de Datos II
Algoritmos II/Algoritmos y Est.de Datos,,,Viernes,9:00,14:00,0,1106,DC,,,39,Algoritmos y Estructuras de Datos-Algoritmos y Estructuras de Datos II
Algoritmos II/Algoritmos y Est.de Datos,,,Viernes,17:00,22:00,0,1106,DC,,,39,Algoritmos y Estructuras de Datos-Algoritmos y Estructuras de Datos II
Bases de Programación/Taller de Inf./PC,,,Viernes,7:00,11:00,0,1107,DC,,,39,Bases de Programación y Pensamiento Computacional/Taller de Informática/Pensamiento Computacional
Bases de Programación/Taller de Inf./PC,,,Viernes,12:00,16:00,0,1107,DC,,,39,Bases de Programación y Pensamiento Computacional/Taller de Informática/Pensamiento Computacional
Laboratorio de Procesamiento de Inf.Met.,,,Viernes,8:00,13:00,0,1108,DCAO,Osman/Balmaceda,,40,Laboratorio de Procesamiento de Información Meteorológica/Laboratorio de Procesamiento de Información Oceanográfica 
Control Biológico (Carla Cécere),14/11/2025,,Viernes,13:00,17:00,0,1108,,,,32,Control Biológico (Carla Cécere)
Int.Inv.Operativa y Optimización,,,Viernes,19:00,21:00,0,1108,IC,Durán/Faillace,,32,Introducción a la Investigación Operativa y Optimización/Investigación Operativa/Tópicos en Investigación Operativa 
Herramientas de Cs.de Datos y Biol. 2025,7/11/2025,,Viernes,9:00,13:00,0,1109,,,,,
Control Biológico ,14/11/2025,,Viernes,9:00,17:00,0,1109,,CECERE,,18,Control Biológico (Carla Cécere)
Robótica Móvil,,,Viernes,10:00,13:00,0,1110,,,,14,Robótica Móvil
Ingeniería de Software,,,Viernes,19:00,22:00,0,1110,DC,Wilkinson,,22,Ingeniería de Software/Ingeniería de Software I 
Ecología General,31/10/2025,,Viernes,9:00,13:00,0,1111,,,,16,Ecología General
Ecología General,31/10/2025,,Viernes,18:00,22:00,0,1111,,,,16,Ecología General
Ecología General,31/10/2025,,Viernes,9:00,13:00,0,1112,,,,16,Ecología General
Ecología General,31/10/2025,,Viernes,18:00,22:00,0,1112,,,,16,Ecología General
Análisis Complejo,31/10/2025,,Viernes,12:00,16:00,0,1113,,,,,
Tesis Gonzalo Gallart,7/11/2025,,viernes,12:30,15:00,0,1113,,,,,
Fisiología Animal Comparada,14/11/2025,,Viernes,10:00,12:00,0,1113,BBE,Rodríguez,,27,Fisiología Animal Comparada
Seminario Departamental QB,14/11/2025,,Viernes,12:00,14:00,0,1113,,,,,
ROUNA,28/11/2025,,Viernes,14:00,17:00,0,1113,,,,5,ROUNA
Introducción a las Neurociencias Cognitivas del Lenguaje,05/12/2025,,Viernes,9:00,18:00,0,1113,,,,,
Química General /Qca.Gral.Inorgánica I,31/10/2025,,Viernes,9:00,13:00,0,1114,,,,,
Semana de los profesorados,14/11/2025,,Viernes,9:00,14:00,0,1114,,,,26,Semana de los profesorados
Curso de Láseres (Estrada),21/11/2025,,Viernes,9:00,14:00,0,1114,,,,,
ROUNA,31/10/2025,,Viernes,14:00,17:00,0,1114,,,,5,ROUNA
reserva skigin F2,,,Viernes,17:00,22:00,0,1114,,,,17,reserva skigin F2
Inglés Universitario IIB ,NO14/11/2025,,Viernes,10:00,13:00,0,1115,SA,Gonzalez,,25,Inglés Universitario IIB 
Semana de los profesorados,14/11/2025,,Viernes,10:00,13:00,0,1115,,,,26,Semana de los profesorados
Química Industrial ,,,Viernes,17:00,21:00,0,1115,DI,Cassanello,,19,Química Industrial 
Álgebra III/Tópicos de Álgebra III ,,,Viernes,9:00,14:00,0,1203,DM,Solotar/de Amorín,,35,Álgebra III/Tópicos de Álgebra III 
Toxicología y Química Legal,,,Viernes,16:30,18:30,0,1203,QB,,,27,Toxicología y Química Legal
Álgebra I ,,T3,Viernes,9:00,14:00,0,1204,DM,Sirolli,,10,Álgebra I 
Charla FIFA: Sincronización cuántica a partir del vacío (F.A.),7/11/2025,,Viernes,14:00,17:00,0,1204,,,,,
ROUNA,28/11/2025,,Viernes,14:00,17:00,0,1204,,,,5,ROUNA
Electromagnetismo y Óptica ,,TB,Viernes,17:00,21:00,0,1204,DF,Pietrasanta/Gulisano,,27,Electromagnetismo y Óptica 
Ecología General ,,TA,Viernes,9:00,13:00,0,1205,EGE,Courtalon,,17,Ecología General 
Topología aplicada y análisis topológico de datos-La Topología de los Datos,,,Viernes,15:00,18:00,0,1205,DM,Minian,,75,Topología aplicada y análisis topológico de datos-La Topología de los Datos
Ecología General ,,TC,Viernes,18:00,22:00,0,1205,EGE,Cristiano,,17,Ecología General 
Ecología General ,,TB,Viernes,9:00,13:00,0,1206,EGE,Burroni,,17,Ecología General 
Homologia Persistente,,,Viernes,15:00,18:00,0,1206,DM,Fernández Ximena,,21,Homologia Persistente
Ecología General ,,TD,Viernes,18:00,22:00,0,1206,EGE,Santoandre,,17,Ecología General 
Estructura de la Materia 4,,,Viernes,9:00,12:00,0,1207,DF,Sassot,,26,Estructura de la Materia 4
Tesis Cassarino Chiara,5/12/2025,,Viernes,12:00,14:00,0,1207,,,,,
"Seminario ""MODESTO"" ",d31/10/2025-h12/12/2025,,Viernes,12:00,14:00,0,1207,DM,,,20,"Seminario ""MODESTO"" Departamento de Matemática"
Meteorología General,,,Viernes,14:00,19:00,0,1207,DCAO,Diaz/Burek,,20,Meteorología General
Álgebra II-Tópicos de Álgebra II,,,Viernes,9:00,14:00,0,1208,DM,Cortiñas/Rufolo,,32,Álgebra II-Tópicos de Álgebra II
ROUNA,28/11/2025,,Viernes,14:00,17:00,0,1208,,,,5,ROUNA
Cálculo Avanzado,,,Viernes,17:00,22:00,0,1208,DM,Suarez Alvarez/Frungillo,,16,Cálculo Avanzado
Vertebrados,,,Viernes,9:30,12:30,0,1209,BBE,Faivovich,,11,Vertebrados
Tesis María Luz Alvarez,14/11/2025,,Viernes,13:00,16:00,0,1209,,,,,
Probabilidades y Estadística ,,,Viernes,17:00,22:00,0,1209,DM,Groisman/Figueroa,,29,Probabilidades y Estadística 
Electromagnetismo y Óptica ,,Turno A,Viernes,9:00,13:00,0,1301,DF,Estrada/Armaleo,,27,Electromagnetismo y Óptica 
Tesis Fumiatti,31/10/2025,,Viernes,13:00,16:00,0,1301,,,,,
Redaccion Cientifica,14/11/2025,,Viernes,13:00,17:00,0,1301,,Crespo,,,
ROUNA,28/11/2025,,Viernes,14:00,17:00,0,1301,,,,5,ROUNA
Química Física II ,,,Viernes,17:00,22:00,0,1301,QI,Gonzalez,,18,Química Física II 
Inglés Universitario IB ,NO 14/11/2025,,Viernes,10:00,13:00,0,1302,SA,Maita,,24,Inglés Universitario IB 
Semana de los profesorados,14/11/2025,,Viernes,10:00,13:00,0,1302,,,,26,Semana de los profesorados
Evolución-Evolución para Paleontólogos ,,,Viernes,13:00,17:00,0,1302,EGE,Tropeira,,39,Evolución-Evolución para Paleontólogos 
Epigenética,07/11/2025,,Viernes,9:30,13:30,0,1303,,,,11,Epigenética: interfase entre la genética y el ambiente
Semana de los profesorados,14/11/2025,,Viernes,10:00,13:00,0,1303,,,,26,Semana de los profesorados
Teoría de las Comunicaciones,14/11/2025,,Viernes,14:00,17:00,0,1303,,,,,
Química Biológica,,,Viernes,17:00,20:00,0,1303,QB,Santos,,17,Química Biológica
Seminario de Equidad en Algoritmos,,,Viernes,10:30,12:00,0,1304,DC,Cotik,CARRO,34,
Complementos de Análisis Funcional,,,Viernes,15:00,18:00,0,1304,DM,Carando,,34,Complementos de Análisis Funcional/Tópicos de Complementos de Análisis Funcional 
Neurobiología del Aprendizaje y la Mem.,,,Viernes,18:00,22:00,0,1304,FBMC,Romano,,39,Neurobiología del Aprendizaje y la Memoria/Mecanismos de Memoria
Int.Aprendizaje Autom. en Grafos 2025,,,Viernes,9:00,11:00,0,1305,DC,Lombardi,,37,Introducción al Aprendizaje Automático en Grafos - 2025
Int.Computación e Información Cuántica,,,Viernes,13:00,16:00,0,1305,DM,Mansilla,,38,Introducción a la Computación e Información Cuántica/Teoría de la Computación e Información Cuántica 
Análisis Avanzado de Alimentos,,,Viernes,17:00,22:00,0,1305,QO,Buera/Marino,3º bimestre de 2025,30,Análisis Avanzado de Alimentos/Avances en Análisis de Alimentos
Física del Plasma/Física de Plasmas,,,Viernes,10:00,14:00,0,1306,DF,Minotti/Xaubet,,35,Física del Plasma/Física de Plasmas
Taller de Técnicas de Estudio,,,Viernes,14:30,17:00,0,1306,SEGB,Picco,,29,Taller de Técnicas de Estudio
Temas de Nanofísica,,,Viernes,17:00,20:00,0,1306,DF,Llois,,19,Temas de Nanofísica
AED/AEDII,31/10/2025,,Viernes,9:00,13:00,0,1307,,,,9,AED/AEDII
Fitopatología ,7/11/2025,,Viernes,11:00,14:00,0,1307,,,,,
Semana de los profesorados,14/11/2025,,Viernes,10:00,13:00,0,1307,,,,26,Semana de los profesorados
Workshop Mixed local and nonlocal operators,28/11/2025,,Viernes,9:00,17:00,0,1307,,Balderrama (DM),,,
Taller de Tesis II,,,Viernes,19:00,22:00,0,1307,DATA,,,18,Taller de Tesis II
Fisiología Animal Comparada,NO14/11/2025 ,,Viernes,10:00,12:00,0,1308,BBE,Rodríguez,ver 1113,27,Fisiología Animal Comparada
Física 2 ,,TB,Viernes,17:00,22:00,0,1308,DF,Skigin/Etchemendy,,9,Física 2 
LAGOS 2025 (BONOMO),14/11/2025,,Viernes,9:00,15:00,0,1308,,,cambiar x 1403,19,LAGOS 2025 (BONOMO)
Evolución,,,Viernes,9:30,12:30,0,1309,EGE,Soto/Tubaro,,9,Evolución-Evolución para Paleontólogos
Int.Biología Molecular y Celular ,,,Viernes,13:00,17:00,0,1309,FBMC,Colman,,33,Introducción a la Biología Molecular y Celular 
Física 4 ,,,Viernes,17:00,22:00,0,1309,DF,Tamborenea/Vigh,,9,Física 4 
Int.a la Botánica,31/10/2025,,Viernes,18:00,21:00,0,1401,,,,,
Int.a la Botánica,7/11/2025,,Viernes,18:00,21:00,0,1401,,,,,
LAGOS 2025 ,14/11/2025,,Viernes,9:00,15:00,0,1401,,BONOMO,,11,LAGOS 2025 
Reserva Proyección Inacayal,14/11/2025,,Viernes,18:00,22:00,0,1401,,,,,
RESERVA ALBERTO KORNBLIHTT,21/11/2025,,Viernes,13:00,17:00,0,1401,,,,26,RESERVA ALBERTO KORNBLIHTT
XIV Conference on Quantum Foundations ,28/11/2025,,Viernes,8:30,18:00,0,1401,,BOSYK,,38,XIV Conference on Quantum Foundations 
Phonons 2025 ,05/12/2025,,Viernes,9:00,18:00,0,1401,,BRAGAS,,13,Phonons 2025 
Jornada QB,12/12/2025,,Viernes,9:00,18:00,0,1401,,,,10,Jornada QB
1ºEncuentro sobre Racismo y Enseñanza,31/10/2025,,Viernes,16:00,20:00,0,1402,,Gastón Pérez,,37,Primer Encuentro sobre Racismo y Enseñanza de las Ciencias en Argentina
Reserva Fita Borrell (DCAO),07/11/2025,,Viernes,8:00,20:00,0,1402,,,,27,Reserva Fita Borrell (DCAO)
LAGOS 2025 ,14/11/2025,,Viernes,9:00,15:00,0,1402,,,,11,LAGOS 2025 
Seminario de Inteligencia Artificial,28/11/2025,,Viernes,9:00,13:00,0,1402,,,,36,Seminario de Inteligencia Artificial para el sector productivo (CICD)
Phonons 2025 ,05/12/2025,,Viernes,9:00,18:00,0,1402,,bragas,,13,Phonons 2025 
Química General /Qca.Gral.Inorgánica I,NO28/11/2025-NO05/12/2025,T2,Viernes,9:00,12:30,0,1403,QI,,,38,Química General e Inorgánica I/Química General 
DF abierto,31/10/2025,,Viernes,13:00,14:00,0,1403,,,,10,DF abierto
LAGOS 2025 ,14/11/2025,,Viernes,9:00,15:00,0,1403,,,,11,LAGOS 2025 
reserva Charla de los viernes ,14/11/2025,,Viernes,,,0,1403,,,,,
Semana de los profesorados,14/11/2025,,Viernes,17:00,19:00,0,1403,,,,26,Semana de los profesorados
ROUNA,28/11/2025,,Viernes,9:00,13:00,0,1403,,,,5,ROUNA
RESERVA ERINA PETRERA ,05/12/2025,,viernes,9:00,19:00,0,1403,,(MOVER INORGANICA),,22,RESERVA ERINA PETRERA 
Workshop de cierre Becas AISAR (F.A.),12/12/2025,,viernes,12:00,18:00,0,1403,,,,,
Física 2 ,,TA,Viernes,9:00,14:00,1,2,DF,Arbo/Frank,,9,Física 2 
Álgebra I,,T4,Viernes,14:00,19:00,1,2,DM,Sirolli/Menconi,,9,Álgebra I
Paradigmas de Programación ,,,Viernes,9:00,14:00,1,3,DC,Barembaum,,27,Paradigmas de Programación 
Int.Inv.Operativa y Optimización,,,Viernes,17:00,21:00,1,3,IC,Durán/Faillace,,32,Introducción a la Investigación Operativa y Optimización/Investigación Operativa/Tópicos en Investigación Operativa 
Álgebra I,,T2,Viernes,9:00,14:00,1,4,DM,Massri,,9,Álgebra I
Física 1 ,Turno C,,Viernes,17:00,22:00,1,4,DF,Capuzzi/Alonso,,9,Física 1 
Mecánica y Termodinámica ,,,Viernes,9:00,13:00,1,5,DF,Ventura/Arcodia,,25,Mecánica y Termodinámica 
Estructura de la Materia 2 ,,,Viernes,13:00,16:00,1,5,DF,Camjayi,,27,Estructura de la Materia 2 
TL/LFAC,31/10/2025,,Viernes,17:00,22:00,1,5,,,,7,TL/LFAC
Cálculo Numérico,31/10/2025,,Viernes,10:00,14:00,1,6,,,,16,Cálculo Numérico
Análisis Matemático 1 ,,,Viernes,17:30,22:00,1,6,DM,Kuna/Acri,,22,Análisis Matemático 1 
Álgebras de Hopf: Anillo de Cohomología ,,,Viernes,11:30,13:00,1,7,DM,Solotar,,40,Álgebras de Hopf: Anillo de Cohomología 
Ecuaciones Diferenciales,31/10/2025,,Viernes,15:00,19:00,1,7,,,,24,Ecuaciones Diferenciales
Ecuaciones Diferenciales,14/11/2025,,Viernes,15:00,19:00,1,7,,,,24,Ecuaciones Diferenciales
Álgebra Lineal Computacional/MN,Turno Mañana,,Viernes,9:00,14:00,1,8,DC,Acevedo,,31,Álgebra Lineal Computacional/Métodos Numéricos
Mecánica y Termodinámica ,,,Viernes,17:00,21:00,1,8,DF,Balenzuela/Cornes,hasta 25/11/2025,25,Mecánica y Termodinámica 
Matemática 4/Análisis Matemático III,,,Viernes,9:00,14:00,1,9,DM,Lederman,,36,Matemática 4/Análisis Matemático III
Álgebra Lineal Computacional/MN,,,Viernes,17:00,22:00,1,9,DC,Acevedo,,31,Álgebra Lineal Computacional/Métodos Numéricos
Cálculo Numérico ,14/11/2025,,Viernes,10:00,14:00,1,E24,,,,,
Mét.Efectivos de Resolución de Polinomios,,,Viernes,14:00,17:00,1,E24,DM,Krick,,41,Métodos Efectivos de Resolución de Polinomios
Álgebra II,14/11/2025,,Viernes,17:00,21:00,1,E24,,,,10,Álgebra II
Semana de los profesorados,14/11/2025,,Viernes,10:00,13:00,1,Labo 1,,,,26,Semana de los profesorados
Pronóstico del Tiempo,,,Viernes,8:00,13:00,1,Labo 2,DCAO,Mezher/Saucedo,3º bimestre de 2025,21,Pronóstico del Tiempo/Laboratorio de Pronóstico del Tiempo/Técnicas y metodologías para el pronóstico del tiempo – Módulo 1/Técnicas y metodologías para el pronóstico del tiempo – Módulo 2
Neurobiología del Aprendizaje y la Mem.,14/11/2025,,Viernes,18:00,22:00,1,Labo 2,,,,39,Neurobiología del Aprendizaje y la Memoria/Mecanismos de Memoria
Summer school Deep Learning,24/10/2025,,Viernes,9:00,13:00,1,Magna,,,,27,Summer school Deep Learning - secretaria.liaa
Algoritmos II/Algoritmos y Est.de Datos,NO24/10/2025,,Viernes,9:00,11:00,1,Magna,,,,39,Algoritmos y Estructuras de Datos/Algoritmos y Estructuras de Datos II
Algoritmos II/Algoritmos y Est.de Datos,,,Viernes,14:00,16:00,1,Magna,,,,39,Algoritmos y Estructuras de Datos/Algoritmos y Estructuras de Datos II
Algoritmos II/Algoritmos y Est.de Datos,,,Viernes,17:00,19:00,1,Magna,,,,39,Algoritmos y Estructuras de Datos/Algoritmos y Estructuras de Datos II
Genética ,,,Viernes,10:00,13:00,2,5,EGE,Carcagno/Frankel,,9,Genética 
Álgebra I,,T5,Viernes,17:00,22:00,2,5,DM,Rodriguez/Freyre,,9,Álgebra I
Álgebra I,,T1,Viernes,9:00,14:00,2,6,DM,Pérez Millán,,9,Álgebra I
Paradigmas de Programación ,,,Viernes,17:00,22:00,2,6,DC,Cossio,,27,Paradigmas de Programación 
Física 1 ,,TB,Viernes,9:00,14:00,2,12,DF,Amette/Andres,,9,Física 1 
Ingeniería de Software,,,Viernes,17:00,19:00,2,12,DC,Wilkinson,,22,Ingeniería de Software/Ingeniería de Software I
Alemán I,NO14/11/2025,,Viernes,10:00,13:00,2,15,SA,Rodríguez,,8,Alemán I
Semana de los profesorados,14/11/2025,,Viernes,10:00,15:00,2,15,,,,26,Semana de los profesorados
Didáctica Esp.y Práctica de la Ens.I,,,Viernes,15:00,19:00,2,15,CCPEMS,Chacín,,36,Didáctica Especial y Práctica de la Enseñanza I
Fitopatología,,,Viernes,11:00,13:00,2,111,BBE,Novas,,13,Fitopatología/Actualizaciones en Fitopatología
Sistemática Teórica,,,Viernes,14:00,16:00,2,111,EGE,Ramirez,,19,Sistemática Teórica/Análisis Cladístico
Semana de los profesorados,14/11/2025,,Viernes,10:00,13:00,2,112,,,,26,Semana de los profesorados
Circulación General,,,Viernes,14:00,18:00,2,112,DCAO,Menéndez,,19,Circulación General/Procesos Atmosféricos y Oceánicos de Gran Escala/Procesos Dinámicos de Gran Escala en la Atmósfera
Limnología,,,Viernes,10:30,12:30,2,113,EGE,Izaguirre/Vera,,10,Limnología
Limnología,,,Viernes,13:30,17:00,2,113,EGE,Izaguirre/Vera,,10,Limnología
Semana de los profesorados,14/11/2025,,Viernes,10:00,13:00,2,114,,,,26,Semana de los profesorados
Ecología de Regiones y Paisajes,,,Viernes,14:00,16:00,2,114,EGE,Cavia,,31,Ecología de Regiones y Paisajes/Fundamentos de la Ecología de Paisajes y Regiones
Semana de los profesorados,14/11/2025,,Viernes,10:00,13:00,2,115,,,,26,Semana de los profesorados
Fisiología Fúngica,,,Viernes,14:00,16:30,2,115,BBE,Iannone,,18,Fisiología Fúngica/Fisiología y Biotecnología Fúngica
Semana de los profesorados,14/11/2025,,Viernes,10:00,13:00,0,116,,,,26,Semana de los profesorados
Física 3,,,Viernes,10:00,15:00,2,117,DF,Bejarano,,8,Física 3
Paleobiología,,,Viernes,15:00,20:00,2,117,EGE,Laprida,,13,Paleobiología
Física 1 (FISI870007),,TA,Viernes,9:00,14:00,2,203,DF,Otero y Garzón/Grinberg,,21,Física 1 (FISI870007)
Análisis Instrumental ,,T3,Viernes,18:00,22:00,2,203,QO,Cabrera/Etchenique,,22,Análisis Instrumental 
Álgebra Lineal,,,Viernes,9:00,14:00,2,207,DM,Solerno/Busolini,,14,Álgebra Lineal
Carrera de Seguridad en el Ámbito Laboral,7/11/2025,,viernes,14:00,20:00,2,212,,,,41,Carrera de Seguridad en el Ámbito Laboral
Semana de los profesorados,14/11/2025,,Viernes,10:00,13:00,2,212,,,,26,Semana de los profesorados
Sistemática Teórica/Análisis Cladístico,,,Viernes,9:00,13:00,2,Sala A,EGE,Gottlieb,,39,Sistemática Teórica/Análisis Cladístico
Ecología de Regiones y Paisajes,,,Viernes,17:00,21:00,2,Sala A,EGE,Torrella,,31,Ecología de Regiones y Paisajes/Fundamentos de la Ecología de Paisajes y Regiones
Oceanografía Satelital,,,Viernes,9:00,13:00,2,Sala B,DCAO,Romero/Dávila,,22,Oceanografía Satelital/Teledetección Satelital y Aplicaciones Oceanográficas
Geología Regional,,,Viernes,17:00,20:00,2,Sala B,,,,17,Geología Regional
Concurso de Seguridad,24/10/2025,,Viernes,9:00,13:00,2,SEMINARIO,,,,,
Nomenclatura Zoológica,07/11/2025-14/11/2025,,Viernes,9:00,17:30,2,SEMINARIO,,,,22,Nomenclatura Zoológica
Fund.Lenguajes para Computación Cuántica,21/11/2025,,Viernes,14:00,18:00,2,SEMINARIO,,,,40,Fundamentos de Lenguajes para Computación Cuántica
Entomología,5/12/2025,,Viernes,9:00,13:00,2,SEMINARIO,,Castelo,,,
Concurso DM,24/10/2025,,Viernes,10:00,12:00,2,Magna,,,,11,Concurso DM
Ecología General,,,Viernes,15:00,17:30,2,Magna,EGE,Busch,,16,Ecología General
Introducción a la Botánica,,,Viernes,18:00,21:00,2,Magna,BBE,Baroli,,26,Introducción a la Botánica/Biodiversidad de Vegetales
ROUNA,28/11/2025,,Viernes,9:00,16:00,2,Magna,,,,5,ROUNA
(CBC)-INTROD. AL PENSAMIENTO COMPUTACIONAL,,MOCSKOS - OJEA,Viernes,7:00,11:00,0,1105,CBC,,,,
(CBC)-INTROD. AL PENSAMIENTO COMPUTACIONAL,,MOCSKOS - OJEA,Viernes,7:00,11:00,0,1106,CBC,,,,
(CBC)-FISICA E INTRODUCCIÓN A LA BIOFISICA (53),,SILVA,Viernes,7:00,10:00,2,101,CBC,,,,
(CBC)-FISICA E INTRODUCCIÓN A LA BIOFISICA (53),,GHIRARDOSI,Viernes,10:00,13:00,2,101,CBC,,,,
(CBC)-FISICA E INTRODUCCIÓN A LA BIOFISICA (53),,GHIRARDOSI,Viernes,14:00,17:00,2,101,CBC,,,,
(CBC)-FISICA E INTRODUCCIÓN A LA BIOFISICA (53),,SILVA,Viernes,17:00,20:00,2,101,CBC,,,,
(CBC)-FISICA E INTRODUCCIÓN A LA BIOFISICA (53),,SILVA,Viernes,20:00,23:00,2,101,CBC,,,,
(CBC)-QUIMICA-(05),,IDOYAGA,Viernes,7:00,10:00,2,102,CBC,,,,
(CBC)-QUIMICA-(05),,DI RISIO,Viernes,10:00,13:00,2,102,CBC,,,,
(CBC)-QUIMICA-(05),,DI RISIO,Viernes,13:00,16:00,2,102,CBC,,,,
(CBC)-QUIMICA-(05),,DI RISIO,Viernes,17:00,20:00,2,102,CBC,,,,
(CBC)-QUIMICA-(05),,DI RISIO,Viernes,7:00,10:00,2,103,CBC,,,,
(CBC)-QUIMICA-(05),,IDOYAGA,Viernes,10:00,13:00,2,103,CBC,,,,
(CBC)-INT. AL PENSAMIENTO CIENTIFICO (40),,ARROCHE,Viernes,13:00,15:00,2,103,CBC,,,,
(CBC)-INT. AL PENSAMIENTO CIENTIFICO (40),,ARROCHE,Viernes,15:00,17:00,2,103,CBC,,,,
(CBC)-INT. AL PENSAMIENTO CIENTIFICO (40),,ARROCHE,Viernes,17:00,19:00,2,103,CBC,,,,
(CBC)-INT. AL PENSAMIENTO CIENTIFICO (40),,ARROCHE,Viernes,19:00,21:00,2,103,CBC,,,,
(CBC)-INT. AL PENSAMIENTO CIENTIFICO (40),,MIGUEL,Viernes,7:00,9:00,2,104,CBC,,,,
(CBC)-INT. AL PENSAMIENTO CIENTIFICO (40),,ARROCHE,Viernes,9:00,11:00,2,104,CBC,,,,
(CBC)-INT. AL PENSAMIENTO CIENTIFICO (40),,PARUELO,Viernes,11:00,13:00,2,104,CBC,,,,
(CBC)-FISICA E INTRODUCCIÓN A LA BIOFISICA (53),,GHIRARDOSI,Viernes,14:00,17:00,2,104,CBC,,,,
(CBC)-FISICA E INTRODUCCIÓN A LA BIOFISICA (53),,GHIRARDOSI,Viernes,17:00,20:00,2,104,CBC,,,,
(CBC)-PSICOLOGIA,,STASIEJKO,Viernes,7:00,9:00,2,107,CBC,,,,
(CBC)-PSICOLOGIA,,STASIEJKO,Viernes,9:00,11:00,2,107,CBC,,,,
(CBC)-PSICOLOGIA,,STASIEJKO,Viernes,11:00,13:00,2,107,CBC,,,,
(CBC)-FILOSOFIA,,CASTRO,Viernes,13:00,15:00,2,107,CBC,,,,
(CBC)-FILOSOFIA,,CASTRO,Viernes,15:00,17:00,2,107,CBC,,,,
(CBC)-BIOLOGIA E INTRODUCCIÓN A LA BIOLOGIA CELULAR (54),,TODARO,Viernes,17:00,20:00,2,107,CBC,,,,
(CBC)-INT. AL PENSAMIENTO CIENTIFICO (40),,ARROCHE,Viernes,7:00,9:00,2,108,CBC,,,,
(CBC)-INT. AL PENSAMIENTO CIENTIFICO (40),,PARUELO,Viernes,11:00,13:00,2,108,CBC,,,,
(CBC)-INT. AL PENSAMIENTO CIENTIFICO (40),,PARUELO,Viernes,13:00,15:00,2,108,CBC,,,,
(CBC)-INT. AL PENSAMIENTO CIENTIFICO (40),,PARUELO,Viernes,15:00,17:00,2,108,CBC,,,,
(CBC)-INT. AL PENSAMIENTO CIENTIFICO (40),,ARROCHE,Viernes,7:00,9:00,2,109,CBC,,,,
(CBC)-INT. AL PENSAMIENTO CIENTIFICO (40),,PARUELO,Viernes,9:00,11:00,2,109,CBC,,,,
(CBC)-TRABAJO Y SOCIEDAD,,CAGNACCI,Viernes,11:00,13:00,2,109,CBC,,,,
(CBC)-INT. AL PENSAMIENTO CIENTIFICO (40),,ARROCHE,Viernes,13:00,15:00,2,109,CBC,,,,
(CBC)-INT. AL PENSAMIENTO CIENTIFICO (40),,ARROCHE,Viernes,15:00,17:00,2,109,CBC,,,,
(CBC)-INT. AL PENSAMIENTO CIENTIFICO (40),,PARUELO,Viernes,17:00,19:00,2,109,CBC,,,,
(CBC)-MATEMATICA 9h (61),,UNICA,Viernes,10:00,13:00,2,110,CBC,,,,
(CBC)-FISICA E INTRODUCCIÓN A LA BIOFISICA (53),,SILVA,Viernes,14:00,17:00,2,110,CBC,,,,
(CBC)-ALGEBRA (27),,UNICA,Viernes,7:00,10:00,2,111,CBC,,,,
(CBC)-ALGEBRA (27),,UNICA,Viernes,10:00,13:00,2,111,CBC,,,,
(CBC)-ALGEBRA (27),,UNICA,Viernes,14:00,17:00,2,111,CBC,,,,
(CBC)-ALGEBRA (27),,UNICA,Viernes,17:00,20:00,2,111,CBC,,,,
(CBC)-ALGEBRA (27),,UNICA,Viernes,7:00,10:00,2,113,CBC,,,,
(CBC)-ALGEBRA (27),,UNICA,Viernes,10:00,13:00,2,113,CBC,,,,
(CBC)-QUIMICA-(05),,DI RISIO,Viernes,13:00,16:00,2,113,CBC,,,,
(CBC)-FISICA-(03),,UNICA,Viernes,17:00,20:00,2,113,CBC,,,,
(CBC)-ALGEBRA (27),,UNICA,Viernes,20:00,23:00,2,113,CBC,,,,
(CBC)-INT. AL PENSAMIENTO CIENTIFICO (40),,ARROCHE,Viernes,7:00,9:00,2,205,CBC,,,,
(CBC)-INT. AL PENSAMIENTO CIENTIFICO (40),,PARUELO,Viernes,9:00,11:00,2,205,CBC,,,,
(CBC)-INT. AL PENSAMIENTO CIENTIFICO (40),,MIGUEL,Viernes,11:00,13:00,2,205,CBC,,,,
(CBC)-INT. AL PENSAMIENTO CIENTIFICO (40),,ARROCHE,Viernes,13:00,15:00,2,205,CBC,,,,
(CBC)-INT. AL PENSAMIENTO CIENTIFICO (40),,PARUELO,Viernes,15:00,17:00,2,205,CBC,,,,
(CBC)-INT. AL PENSAMIENTO CIENTIFICO (40),,PARUELO,Viernes,17:00,19:00,2,205,CBC,,,,
(CBC)-INT. AL PENSAMIENTO CIENTIFICO (40),,PARUELO,Viernes,19:00,21:00,2,205,CBC,,,,
(CBC)-INT. AL PENSAMIENTO CIENTIFICO (40),,PARUELO,Viernes,21:00,23:00,2,205,CBC,,,,
(CBC)-ALGEBRA (27),,UNICA,Viernes,10:00,13:00,2,206,CBC,,,,
(CBC)-FISICA-(03),,UNICA,Viernes,14:00,17:00,2,206,CBC,,,,
(CBC)-MATEMATICA 9h (61),,UNICA,Viernes,17:00,20:00,2,206,CBC,,,,
(CBC)-FISICA E INTRODUCCIÓN A LA BIOFISICA (53),,SILVA,Viernes,7:00,10:00,2,208,CBC,,,,
(CBC)-FISICA E INTRODUCCIÓN A LA BIOFISICA (53),,SILVA,Viernes,10:00,13:00,2,208,CBC,,,,
(CBC)-FISICA E INTRODUCCIÓN A LA BIOFISICA (53),,SILVA,Viernes,14:00,17:00,2,208,CBC,,,,
(CBC)-ALGEBRA A (62),,UNICA,Viernes,17:00,20:00,2,208,CBC,,,,
(CBC)-ALGEBRA A (62),,UNICA,Viernes,20:00,23:00,2,208,CBC,,,,
(CBC)-FILOSOFIA,,CASTRO,Viernes,7:00,9:00,2,210,CBC,,,,
(CBC)-ALGEBRA (27),,UNICA,Viernes,10:00,13:00,2,210,CBC,,,,
(CBC)-SOCIOLOGIA,,MECCIA,Viernes,17:00,19:00,2,210,CBC,,,,
(CBC)-SOCIOLOGIA,,MECCIA,Viernes,19:00,21:00,2,210,CBC,,,,
(CBC)-FILOSOFIA,,CASTRO,Viernes,7:00,9:00,2,211,CBC,,,,
(CBC)-FILOSOFIA,,GONZALEZ A.,Viernes,9:00,11:00,2,211,CBC,,,,
(CBC)-FILOSOFIA,,CASTRO,Viernes,11:00,13:00,2,211,CBC,,,,
(CBC)-QUIMICA-(05),,DI RISIO,Viernes,17:00,20:00,2,211,CBC,,,,
(CBC)-QUIMICA-(05),,DI RISIO,Viernes,7:00,10:00,2,213,CBC,,,,
(CBC)-QUIMICA-(05),,DI RISIO,Viernes,10:00,13:00,2,213,CBC,,,,
(CBC)-FISICA-(03),,UNICA,Viernes,14:00,17:00,2,213,CBC,,,,
(CBC)-FISICA-(03),,UNICA,Viernes,17:00,20:00,2,213,CBC,,,,
(CBC)-QUIMICA-(05),,DI RISIO,Viernes,20:00,23:00,2,213,CBC,,,,
(CBC)-FISICA E INTRODUCCIÓN A LA BIOFISICA (53),,GHIRARDOSI,Viernes,7:00,10:00,2,214,CBC,,,,
(CBC)-FISICA E INTRODUCCIÓN A LA BIOFISICA (53),,GHIRARDOSI,Viernes,10:00,13:00,2,214,CBC,,,,
(CBC)-FISICA-(03),,UNICA,Viernes,14:00,17:00,2,214,CBC,,,,
(CBC)-FISICA-(03),,UNICA,Viernes,17:00,20:00,2,214,CBC,,,,
(CBC)-FISICA-(03),,UNICA,Viernes,20:00,23:00,2,214,CBC,,,,